"teacher","school","score","tfa.dummy","reg.dummy","sub.dummy","urb.dummy"
"TFA","suburb",79.6844959802346,1,0,1,0
"TFA","suburb",78.0068561435081,1,0,1,0
"TFA","suburb",72.8749786266239,1,0,1,0
"TFA","suburb",72.1520680628525,1,0,1,0
"TFA","suburb",73.5451692186313,1,0,1,0
"TFA","suburb",74.0330441907266,1,0,1,0
"TFA","suburb",77.0125402124577,1,0,1,0
"TFA","suburb",69.4825410537808,1,0,1,0
"TFA","suburb",72.3658917225113,1,0,1,0
"TFA","suburb",75.5328890153768,1,0,1,0
"TFA","suburb",76.2307605130831,1,0,1,0
"TFA","suburb",78.3725047101688,1,0,1,0
"TFA","suburb",80.6272547924441,1,0,1,0
"TFA","suburb",75.8604445950384,1,0,1,0
"TFA","suburb",69.2872460642263,1,0,1,0
"TFA","suburb",74.6704835530346,1,0,1,0
"TFA","suburb",73.0555171250898,1,0,1,0
"TFA","suburb",78.2256688466103,1,0,1,0
"TFA","suburb",89.7280092843816,1,0,1,0
"TFA","suburb",74.8629638139248,1,0,1,0
"TFA","suburb",70.705799354969,1,0,1,0
"TFA","suburb",79.5248214434785,1,0,1,0
"TFA","suburb",70.2707080308855,1,0,1,0
"TFA","suburb",73.6081731818907,1,0,1,0
"TFA","suburb",77.4789786743539,1,0,1,0
"TFA","suburb",66.5242030199265,1,0,1,0
"TFA","suburb",73.2615097246178,1,0,1,0
"TFA","suburb",70.5234828526672,1,0,1,0
"TFA","suburb",72.3992682264755,1,0,1,0
"TFA","suburb",77.45508075117,1,0,1,0
"TFA","suburb",77.8875160243217,1,0,1,0
"TFA","suburb",74.1423279559022,1,0,1,0
"TFA","suburb",73.2130894782591,1,0,1,0
"TFA","suburb",71.2859504989115,1,0,1,0
"TFA","suburb",73.0201152106903,1,0,1,0
"TFA","suburb",72.8187905443709,1,0,1,0
"TFA","suburb",65.3009688099132,1,0,1,0
"TFA","suburb",78.6121344945094,1,0,1,0
"TFA","suburb",78.552434138713,1,0,1,0
"TFA","suburb",72.5575545462482,1,0,1,0
"TFA","suburb",76.1680400833181,1,0,1,0
"TFA","suburb",68.4886951507254,1,0,1,0
"TFA","suburb",74.0465373723386,1,0,1,0
"TFA","suburb",69.5621963998345,1,0,1,0
"TFA","suburb",79.2688090915163,1,0,1,0
"TFA","suburb",75.221127810287,1,0,1,0
"TFA","suburb",65.3424196548738,1,0,1,0
"TFA","suburb",68.7801480834572,1,0,1,0
"TFA","suburb",76.0233814141559,1,0,1,0
"TFA","suburb",79.0757637382031,1,0,1,0
"TFA","suburb",77.1003284684612,1,0,1,0
"TFA","suburb",89.0760165517661,1,0,1,0
"TFA","suburb",72.726485507558,1,0,1,0
"TFA","suburb",70.5600375976969,1,0,1,0
"TFA","suburb",82.3846462197877,1,0,1,0
"TFA","suburb",76.2858175031012,1,0,1,0
"TFA","suburb",78.3832036197806,1,0,1,0
"TFA","suburb",74.7590191778156,1,0,1,0
"TFA","suburb",73.671246980574,1,0,1,0
"TFA","suburb",78.6054464938216,1,0,1,0
"TFA","suburb",80.8114122733639,1,0,1,0
"TFA","suburb",69.6457376943516,1,0,1,0
"TFA","suburb",74.16474018092,1,0,1,0
"TFA","suburb",72.3037609108479,1,0,1,0
"TFA","suburb",74.5870322231893,1,0,1,0
"TFA","suburb",78.5590082240488,1,0,1,0
"TFA","suburb",70.4478893743024,1,0,1,0
"TFA","suburb",72.0602875447087,1,0,1,0
"TFA","suburb",76.3334048020583,1,0,1,0
"TFA","suburb",88.1316439409673,1,0,1,0
"TFA","suburb",74.4031886669114,1,0,1,0
"TFA","suburb",67.8512630864917,1,0,1,0
"TFA","suburb",82.5325060442089,1,0,1,0
"TFA","suburb",75.1982842489591,1,0,1,0
"TFA","suburb",71.5155913450815,1,0,1,0
"TFA","suburb",80.0312949478509,1,0,1,0
"TFA","suburb",70.1369494580638,1,0,1,0
"TFA","suburb",74.0995117963711,1,0,1,0
"TFA","suburb",78.0985132745123,1,0,1,0
"TFA","suburb",74.0108317624858,1,0,1,0
"TFA","suburb",73.3725037459299,1,0,1,0
"TFA","suburb",74.65214159498,1,0,1,0
"TFA","suburb",75.8312568074559,1,0,1,0
"TFA","suburb",68.6714240281258,1,0,1,0
"TFA","suburb",75.5189410464615,1,0,1,0
"TFA","suburb",67.3875442111026,1,0,1,0
"TFA","suburb",85.2984830724456,1,0,1,0
"TFA","suburb",81.7051955302073,1,0,1,0
"TFA","suburb",74.5703919890836,1,0,1,0
"TFA","suburb",73.4964337864536,1,0,1,0
"TFA","suburb",76.8011011904937,1,0,1,0
"TFA","suburb",79.286632328364,1,0,1,0
"TFA","suburb",78.6243660534534,1,0,1,0
"TFA","suburb",67.8057223144697,1,0,1,0
"TFA","suburb",71.3509596885922,1,0,1,0
"TFA","suburb",70.5811475982498,1,0,1,0
"TFA","suburb",77.6032499277103,1,0,1,0
"TFA","suburb",71.4579310389908,1,0,1,0
"TFA","suburb",77.4727346206832,1,0,1,0
"TFA","suburb",71.4665591595905,1,0,1,0
"TFA","suburb",77.4457789260945,1,0,1,0
"TFA","suburb",76.5801202634472,1,0,1,0
"TFA","suburb",77.1645860198274,1,0,1,0
"TFA","suburb",72.8801166834518,1,0,1,0
"TFA","suburb",79.4033876834218,1,0,1,0
"TFA","suburb",76.8647940735236,1,0,1,0
"TFA","suburb",69.4738065389713,1,0,1,0
"TFA","suburb",70.9795479263891,1,0,1,0
"TFA","suburb",88.432984825685,1,0,1,0
"TFA","suburb",80.8119360692572,1,0,1,0
"TFA","suburb",78.3548185229522,1,0,1,0
"TFA","suburb",65.2406274801607,1,0,1,0
"TFA","suburb",78.9028622970123,1,0,1,0
"TFA","suburb",77.0946753146833,1,0,1,0
"TFA","suburb",70.5521435486295,1,0,1,0
"TFA","suburb",75.7260317695217,1,0,1,0
"TFA","suburb",70.06452079904,1,0,1,0
"TFA","suburb",72.8342587184585,1,0,1,0
"TFA","suburb",73.5880555417348,1,0,1,0
"TFA","suburb",70.216406485112,1,0,1,0
"TFA","suburb",81.9771483332458,1,0,1,0
"TFA","suburb",80.3968541046532,1,0,1,0
"TFA","suburb",85.9625286317124,1,0,1,0
"TFA","suburb",71.8534194624717,1,0,1,0
"TFA","suburb",70.6689883055609,1,0,1,0
"TFA","suburb",68.9607901639504,1,0,1,0
"TFA","suburb",77.5240878468601,1,0,1,0
"TFA","suburb",69.3686989744396,1,0,1,0
"TFA","suburb",70.2456205009727,1,0,1,0
"TFA","suburb",76.6627187445515,1,0,1,0
"TFA","suburb",76.6716996122629,1,0,1,0
"TFA","suburb",81.0371705018895,1,0,1,0
"TFA","suburb",88.5798080125482,1,0,1,0
"TFA","suburb",80.0199773418817,1,0,1,0
"TFA","suburb",77.470775498712,1,0,1,0
"TFA","suburb",75.4678453966754,1,0,1,0
"TFA","suburb",79.5702342794808,1,0,1,0
"TFA","suburb",78.5001921160398,1,0,1,0
"TFA","suburb",73.9391321987944,1,0,1,0
"TFA","suburb",77.1525795392795,1,0,1,0
"TFA","suburb",66.8349098384606,1,0,1,0
"TFA","suburb",65.3528160048742,1,0,1,0
"TFA","suburb",73.4838808358648,1,0,1,0
"TFA","suburb",78.4897298833094,1,0,1,0
"TFA","suburb",76.2343526549189,1,0,1,0
"TFA","suburb",74.2217394890677,1,0,1,0
"TFA","suburb",82.3802471063662,1,0,1,0
"TFA","suburb",71.1204693590161,1,0,1,0
"TFA","suburb",75.8243247201291,1,0,1,0
"TFA","suburb",75.6190040835348,1,0,1,0
"TFA","suburb",73.7524202456716,1,0,1,0
"TFA","suburb",71.7418971936416,1,0,1,0
"TFA","suburb",73.3219254501309,1,0,1,0
"TFA","suburb",74.9746111388612,1,0,1,0
"TFA","suburb",73.4730164468863,1,0,1,0
"TFA","suburb",63.9692595445141,1,0,1,0
"TFA","suburb",77.8922385139813,1,0,1,0
"TFA","suburb",73.0866149473748,1,0,1,0
"TFA","suburb",76.6119342120002,1,0,1,0
"TFA","suburb",74.244566242724,1,0,1,0
"TFA","suburb",76.0997997407628,1,0,1,0
"TFA","suburb",73.8905178970418,1,0,1,0
"TFA","suburb",73.5793254564084,1,0,1,0
"TFA","suburb",69.4309506564229,1,0,1,0
"TFA","suburb",77.5156644435937,1,0,1,0
"TFA","suburb",85.240218163831,1,0,1,0
"TFA","suburb",69.0950327406934,1,0,1,0
"TFA","suburb",72.830433648509,1,0,1,0
"TFA","suburb",77.1349434180354,1,0,1,0
"TFA","suburb",68.5239034260273,1,0,1,0
"TFA","suburb",87.1556367389334,1,0,1,0
"TFA","suburb",81.6283404592984,1,0,1,0
"TFA","suburb",69.805841714297,1,0,1,0
"TFA","suburb",77.0009528162097,1,0,1,0
"TFA","suburb",70.9670020921709,1,0,1,0
"TFA","suburb",79.4814687655799,1,0,1,0
"TFA","suburb",73.0715971082386,1,0,1,0
"TFA","suburb",80.817694883409,1,0,1,0
"TFA","suburb",72.6705544456007,1,0,1,0
"TFA","suburb",77.9948691213453,1,0,1,0
"TFA","suburb",72.7928284164699,1,0,1,0
"TFA","suburb",69.8702325990665,1,0,1,0
"TFA","suburb",72.8522616396227,1,0,1,0
"TFA","suburb",67.480720711239,1,0,1,0
"TFA","suburb",77.0655697849426,1,0,1,0
"TFA","suburb",73.4295127515881,1,0,1,0
"TFA","suburb",76.8908394684502,1,0,1,0
"TFA","suburb",73.1764273407709,1,0,1,0
"TFA","suburb",85.2785686502891,1,0,1,0
"TFA","suburb",72.7717440819446,1,0,1,0
"TFA","suburb",76.8644949161254,1,0,1,0
"TFA","suburb",67.3050167808158,1,0,1,0
"TFA","suburb",64.9994727616952,1,0,1,0
"TFA","suburb",71.516726169957,1,0,1,0
"TFA","suburb",69.7787718441995,1,0,1,0
"TFA","suburb",86.0011140575989,1,0,1,0
"TFA","suburb",72.8360207818095,1,0,1,0
"TFA","suburb",61.2822979369351,1,0,1,0
"TFA","suburb",80.3221905213153,1,0,1,0
"TFA","suburb",76.1817492756163,1,0,1,0
"TFA","suburb",74.7957183648668,1,0,1,0
"TFA","suburb",76.2710672151937,1,0,1,0
"TFA","suburb",77.3418154965582,1,0,1,0
"TFA","suburb",69.4517660179296,1,0,1,0
"TFA","suburb",77.3129817790943,1,0,1,0
"TFA","suburb",76.6391003048313,1,0,1,0
"TFA","suburb",73.2496149256856,1,0,1,0
"TFA","suburb",72.7273327081253,1,0,1,0
"TFA","suburb",72.6476636185603,1,0,1,0
"TFA","suburb",67.2977176154528,1,0,1,0
"TFA","suburb",74.5995963905291,1,0,1,0
"TFA","suburb",76.3685930661945,1,0,1,0
"TFA","suburb",68.5093213627982,1,0,1,0
"TFA","suburb",79.9895873494328,1,0,1,0
"TFA","suburb",73.7375667440936,1,0,1,0
"TFA","suburb",77.3216465728456,1,0,1,0
"TFA","suburb",73.4040646388345,1,0,1,0
"TFA","suburb",77.3711563110914,1,0,1,0
"TFA","suburb",71.381290950867,1,0,1,0
"TFA","suburb",76.6412071278746,1,0,1,0
"TFA","suburb",72.4078892503703,1,0,1,0
"TFA","suburb",75.7313741765444,1,0,1,0
"TFA","suburb",80.2524969178785,1,0,1,0
"TFA","suburb",76.0505386552292,1,0,1,0
"TFA","suburb",77.6722160843904,1,0,1,0
"TFA","suburb",74.1884599411295,1,0,1,0
"TFA","suburb",81.3796707348313,1,0,1,0
"TFA","suburb",84.5815784365922,1,0,1,0
"TFA","suburb",66.057096972864,1,0,1,0
"TFA","suburb",67.7544872555218,1,0,1,0
"TFA","suburb",79.4454872991248,1,0,1,0
"TFA","suburb",72.3934931924262,1,0,1,0
"TFA","suburb",66.2163491457031,1,0,1,0
"TFA","suburb",67.003982801607,1,0,1,0
"TFA","suburb",77.71281445625,1,0,1,0
"TFA","suburb",83.0243034401466,1,0,1,0
"TFA","suburb",77.0795354863895,1,0,1,0
"TFA","suburb",74.0483025855331,1,0,1,0
"TFA","suburb",87.0702427652707,1,0,1,0
"TFA","suburb",74.7628392999469,1,0,1,0
"TFA","suburb",76.2889910766417,1,0,1,0
"TFA","suburb",70.0438522763669,1,0,1,0
"TFA","suburb",81.8834613190533,1,0,1,0
"TFA","suburb",80.1933906889253,1,0,1,0
"TFA","suburb",76.9436222724188,1,0,1,0
"TFA","suburb",76.4327970367107,1,0,1,0
"TFA","suburb",88.7013044379969,1,0,1,0
"TFA","suburb",66.4543829196132,1,0,1,0
"TFA","suburb",74.1253615807255,1,0,1,0
"TFA","suburb",73.8261964716652,1,0,1,0
"TFA","suburb",75.2719696834708,1,0,1,0
"TFA","suburb",82.8349324050808,1,0,1,0
"TFA","suburb",70.3114864435634,1,0,1,0
"TFA","suburb",72.9760556211519,1,0,1,0
"TFA","suburb",72.0729796300037,1,0,1,0
"TFA","suburb",69.0665462010603,1,0,1,0
"TFA","suburb",81.4927015779258,1,0,1,0
"TFA","suburb",69.5377642397065,1,0,1,0
"TFA","suburb",69.2933212095462,1,0,1,0
"TFA","suburb",80.3047970313315,1,0,1,0
"TFA","suburb",73.2671012544073,1,0,1,0
"TFA","suburb",72.1269750337471,1,0,1,0
"TFA","suburb",68.2476729002196,1,0,1,0
"TFA","suburb",80.2533826926406,1,0,1,0
"TFA","suburb",84.5067639231294,1,0,1,0
"TFA","suburb",73.816969283824,1,0,1,0
"TFA","suburb",76.952099758832,1,0,1,0
"TFA","suburb",74.0591952866675,1,0,1,0
"TFA","suburb",84.7149493805621,1,0,1,0
"TFA","suburb",81.0536246864362,1,0,1,0
"TFA","suburb",64.8641086875699,1,0,1,0
"TFA","suburb",77.4945313288341,1,0,1,0
"TFA","suburb",77.2585368442231,1,0,1,0
"TFA","suburb",82.2982835420951,1,0,1,0
"TFA","suburb",67.5837927179748,1,0,1,0
"TFA","suburb",75.8154496931192,1,0,1,0
"TFA","suburb",68.5410030224546,1,0,1,0
"TFA","suburb",71.4347393285848,1,0,1,0
"TFA","suburb",79.5214950332611,1,0,1,0
"TFA","suburb",79.204676405629,1,0,1,0
"TFA","suburb",74.1871672264215,1,0,1,0
"TFA","suburb",77.9056218003793,1,0,1,0
"TFA","suburb",80.9678595316865,1,0,1,0
"TFA","suburb",73.6601385600168,1,0,1,0
"TFA","suburb",81.7310178581254,1,0,1,0
"TFA","suburb",79.6069338194182,1,0,1,0
"TFA","suburb",70.6067795407297,1,0,1,0
"TFA","suburb",78.6973073087245,1,0,1,0
"TFA","suburb",79.6621340365394,1,0,1,0
"TFA","suburb",74.6383268100382,1,0,1,0
"TFA","suburb",73.321887294885,1,0,1,0
"TFA","suburb",73.0038472820484,1,0,1,0
"TFA","suburb",70.9672976595747,1,0,1,0
"TFA","suburb",68.1624970281991,1,0,1,0
"TFA","suburb",80.4366761067627,1,0,1,0
"TFA","suburb",76.5477025074842,1,0,1,0
"TFA","suburb",73.5400030041346,1,0,1,0
"TFA","suburb",80.0339380018608,1,0,1,0
"TFA","suburb",76.5217868405794,1,0,1,0
"TFA","suburb",74.7590433001966,1,0,1,0
"TFA","suburb",72.9563560428623,1,0,1,0
"TFA","suburb",70.2284168717303,1,0,1,0
"TFA","suburb",71.3951337907509,1,0,1,0
"TFA","suburb",75.5024815007023,1,0,1,0
"TFA","suburb",70.3669736221377,1,0,1,0
"TFA","suburb",80.1263227230605,1,0,1,0
"TFA","suburb",72.7987146436698,1,0,1,0
"TFA","suburb",75.0350254228305,1,0,1,0
"TFA","suburb",79.5683606664155,1,0,1,0
"TFA","suburb",72.2123740359619,1,0,1,0
"TFA","suburb",73.9616718478064,1,0,1,0
"TFA","suburb",76.6407328312097,1,0,1,0
"TFA","suburb",77.7737817189106,1,0,1,0
"TFA","suburb",76.3223037368511,1,0,1,0
"TFA","suburb",82.2322844327688,1,0,1,0
"TFA","suburb",67.7751283787516,1,0,1,0
"TFA","suburb",67.5369987268974,1,0,1,0
"TFA","suburb",73.3345527341553,1,0,1,0
"TFA","suburb",78.6691199165981,1,0,1,0
"TFA","suburb",74.6169997250954,1,0,1,0
"TFA","suburb",72.3086429776993,1,0,1,0
"TFA","suburb",76.5437118852791,1,0,1,0
"TFA","suburb",81.857796881367,1,0,1,0
"TFA","suburb",72.5928991230671,1,0,1,0
"TFA","suburb",78.4405000720544,1,0,1,0
"TFA","suburb",79.7422801431886,1,0,1,0
"TFA","suburb",67.2273629750923,1,0,1,0
"TFA","suburb",68.4684466016841,1,0,1,0
"TFA","suburb",80.6396775641787,1,0,1,0
"TFA","suburb",72.6957803634196,1,0,1,0
"TFA","suburb",70.6241642601593,1,0,1,0
"TFA","suburb",78.3465522950585,1,0,1,0
"TFA","suburb",69.4746858043289,1,0,1,0
"TFA","suburb",70.4108367937534,1,0,1,0
"TFA","suburb",75.7793798767569,1,0,1,0
"TFA","suburb",76.5998650851542,1,0,1,0
"TFA","suburb",77.2481796711405,1,0,1,0
"TFA","suburb",72.4659972867117,1,0,1,0
"TFA","suburb",71.6924286104368,1,0,1,0
"TFA","suburb",85.8356496529997,1,0,1,0
"TFA","suburb",76.7572719788338,1,0,1,0
"TFA","suburb",72.8024647953469,1,0,1,0
"TFA","suburb",69.4349643943542,1,0,1,0
"TFA","suburb",73.1246744285455,1,0,1,0
"TFA","suburb",74.2919375566891,1,0,1,0
"TFA","suburb",82.4989772936631,1,0,1,0
"TFA","suburb",81.3386251993663,1,0,1,0
"TFA","suburb",77.7404505400298,1,0,1,0
"TFA","suburb",83.1669512588089,1,0,1,0
"TFA","suburb",76.797642227997,1,0,1,0
"TFA","suburb",87.7220800311803,1,0,1,0
"TFA","suburb",80.1758349924789,1,0,1,0
"TFA","suburb",83.9231169628883,1,0,1,0
"TFA","suburb",79.0459512741509,1,0,1,0
"TFA","suburb",77.9104248316379,1,0,1,0
"TFA","suburb",72.0964974518664,1,0,1,0
"TFA","suburb",79.252540245417,1,0,1,0
"TFA","suburb",74.4622427596736,1,0,1,0
"TFA","suburb",69.5250376270676,1,0,1,0
"TFA","suburb",74.174791442442,1,0,1,0
"TFA","suburb",76.5331212613096,1,0,1,0
"TFA","suburb",80.4305039342306,1,0,1,0
"TFA","suburb",81.1745303939359,1,0,1,0
"TFA","suburb",69.4676353667073,1,0,1,0
"TFA","suburb",78.0014671297442,1,0,1,0
"TFA","suburb",75.0137430908204,1,0,1,0
"TFA","suburb",81.7182605969623,1,0,1,0
"TFA","suburb",76.3310322925378,1,0,1,0
"TFA","suburb",76.3765842633815,1,0,1,0
"TFA","suburb",63.3668037436669,1,0,1,0
"TFA","suburb",79.3760082810293,1,0,1,0
"TFA","suburb",81.5562121886148,1,0,1,0
"TFA","suburb",74.8756881032518,1,0,1,0
"TFA","suburb",79.0481419154559,1,0,1,0
"TFA","suburb",76.6606450496682,1,0,1,0
"TFA","suburb",72.6098777401764,1,0,1,0
"TFA","suburb",75.3844850562998,1,0,1,0
"TFA","suburb",76.8303881416939,1,0,1,0
"TFA","suburb",74.9533043964471,1,0,1,0
"TFA","suburb",76.8332691364658,1,0,1,0
"TFA","suburb",79.4387685706536,1,0,1,0
"TFA","suburb",75.1374842514946,1,0,1,0
"TFA","suburb",72.7077613340294,1,0,1,0
"TFA","suburb",73.5107252539368,1,0,1,0
"TFA","suburb",75.940365922867,1,0,1,0
"TFA","suburb",75.1601465982216,1,0,1,0
"TFA","suburb",74.5837206795941,1,0,1,0
"TFA","suburb",74.9481429832932,1,0,1,0
"TFA","suburb",76.2864952934959,1,0,1,0
"TFA","suburb",63.7170808471148,1,0,1,0
"TFA","suburb",77.0675372698613,1,0,1,0
"TFA","suburb",79.5044835358827,1,0,1,0
"TFA","suburb",78.4273653251558,1,0,1,0
"TFA","suburb",83.0962608825707,1,0,1,0
"TFA","suburb",76.3847216801835,1,0,1,0
"TFA","suburb",81.7049227003921,1,0,1,0
"TFA","suburb",77.9906194383598,1,0,1,0
"TFA","suburb",72.2798580704334,1,0,1,0
"TFA","suburb",72.2090310919112,1,0,1,0
"TFA","suburb",72.3318195743168,1,0,1,0
"Regular","suburb",78.7350414059757,0,1,1,0
"Regular","suburb",73.6405049740957,0,1,1,0
"Regular","suburb",76.2288824707777,0,1,1,0
"Regular","suburb",79.1815268483445,0,1,1,0
"Regular","suburb",67.5567096417806,0,1,1,0
"Regular","suburb",78.6027964787189,0,1,1,0
"Regular","suburb",62.2553783191389,0,1,1,0
"Regular","suburb",76.4280709428162,0,1,1,0
"Regular","suburb",73.3748671966256,0,1,1,0
"Regular","suburb",83.7620465120175,0,1,1,0
"Regular","suburb",71.964481847387,0,1,1,0
"Regular","suburb",75.7583506494285,0,1,1,0
"Regular","suburb",76.9548939940638,0,1,1,0
"Regular","suburb",81.521925880817,0,1,1,0
"Regular","suburb",71.2901703829199,0,1,1,0
"Regular","suburb",73.4366160704186,0,1,1,0
"Regular","suburb",83.116326790065,0,1,1,0
"Regular","suburb",81.4313492904794,0,1,1,0
"Regular","suburb",72.3578138296645,0,1,1,0
"Regular","suburb",64.2353305981034,0,1,1,0
"Regular","suburb",75.2470206051954,0,1,1,0
"Regular","suburb",84.1138813323295,0,1,1,0
"Regular","suburb",72.219474517185,0,1,1,0
"Regular","suburb",68.8518559850341,0,1,1,0
"Regular","suburb",77.2598852224594,0,1,1,0
"Regular","suburb",76.3119287814416,0,1,1,0
"Regular","suburb",82.2582256632627,0,1,1,0
"Regular","suburb",70.3550210704153,0,1,1,0
"Regular","suburb",86.235536965663,0,1,1,0
"Regular","suburb",77.331218710824,0,1,1,0
"Regular","suburb",67.2818901764874,0,1,1,0
"Regular","suburb",69.8836456859826,0,1,1,0
"Regular","suburb",68.3544315054506,0,1,1,0
"Regular","suburb",67.3188390174501,0,1,1,0
"Regular","suburb",74.7700625542602,0,1,1,0
"Regular","suburb",76.5614496418234,0,1,1,0
"Regular","suburb",83.1182836357019,0,1,1,0
"Regular","suburb",76.9271032679563,0,1,1,0
"Regular","suburb",74.5177229936285,0,1,1,0
"Regular","suburb",71.2646830601627,0,1,1,0
"Regular","suburb",64.1887266814563,0,1,1,0
"Regular","suburb",79.7909898353241,0,1,1,0
"Regular","suburb",71.2762782186746,0,1,1,0
"Regular","suburb",73.0943954112426,0,1,1,0
"Regular","suburb",74.7422866883504,0,1,1,0
"Regular","suburb",79.2517302961207,0,1,1,0
"Regular","suburb",78.7526476632554,0,1,1,0
"Regular","suburb",72.173782088278,0,1,1,0
"Regular","suburb",67.0357547331038,0,1,1,0
"Regular","suburb",83.5915455757092,0,1,1,0
"Regular","suburb",72.2370220886619,0,1,1,0
"Regular","suburb",72.5061048335707,0,1,1,0
"Regular","suburb",67.7718984755502,0,1,1,0
"Regular","suburb",75.4982865630124,0,1,1,0
"Regular","suburb",69.8703388555469,0,1,1,0
"Regular","suburb",74.6116507223246,0,1,1,0
"Regular","suburb",78.4382283677358,0,1,1,0
"Regular","suburb",74.0266844188158,0,1,1,0
"Regular","suburb",77.1337222787483,0,1,1,0
"Regular","suburb",70.9107924470797,0,1,1,0
"Regular","suburb",73.8949340302326,0,1,1,0
"Regular","suburb",76.3148186257907,0,1,1,0
"Regular","suburb",75.8817307623967,0,1,1,0
"Regular","suburb",78.3918861802078,0,1,1,0
"Regular","suburb",72.8800416505053,0,1,1,0
"Regular","suburb",75.1902662854596,0,1,1,0
"Regular","suburb",64.2457412108589,0,1,1,0
"Regular","suburb",73.4464103768365,0,1,1,0
"Regular","suburb",72.5944996337529,0,1,1,0
"Regular","suburb",81.2955874991685,0,1,1,0
"Regular","suburb",78.1112651563926,0,1,1,0
"Regular","suburb",78.8827366846302,0,1,1,0
"Regular","suburb",81.3201743792393,0,1,1,0
"Regular","suburb",78.7582638061291,0,1,1,0
"Regular","suburb",72.5959646222878,0,1,1,0
"Regular","suburb",69.9931002723634,0,1,1,0
"Regular","suburb",70.1278783254136,0,1,1,0
"Regular","suburb",67.4834399779071,0,1,1,0
"Regular","suburb",79.6227395181355,0,1,1,0
"Regular","suburb",79.9459851798646,0,1,1,0
"Regular","suburb",77.2916608869467,0,1,1,0
"Regular","suburb",77.7497633320043,0,1,1,0
"Regular","suburb",75.4613517432415,0,1,1,0
"Regular","suburb",80.9997754418005,0,1,1,0
"Regular","suburb",65.1438770882961,0,1,1,0
"Regular","suburb",79.4258412871161,0,1,1,0
"Regular","suburb",76.764510291648,0,1,1,0
"Regular","suburb",72.0910615829672,0,1,1,0
"Regular","suburb",71.4717791929346,0,1,1,0
"Regular","suburb",81.8227652314619,0,1,1,0
"Regular","suburb",73.6508936549804,0,1,1,0
"Regular","suburb",67.3541670292322,0,1,1,0
"Regular","suburb",64.2233958795764,0,1,1,0
"Regular","suburb",71.1340555224635,0,1,1,0
"Regular","suburb",81.3655005917657,0,1,1,0
"Regular","suburb",82.8241265220806,0,1,1,0
"Regular","suburb",71.2783577708644,0,1,1,0
"Regular","suburb",77.2138242600344,0,1,1,0
"Regular","suburb",71.8367758124656,0,1,1,0
"Regular","suburb",72.5922014863892,0,1,1,0
"Regular","suburb",68.8105138939113,0,1,1,0
"Regular","suburb",69.5054906930368,0,1,1,0
"Regular","suburb",69.9524956390948,0,1,1,0
"Regular","suburb",73.8994875233207,0,1,1,0
"Regular","suburb",71.0497514111825,0,1,1,0
"Regular","suburb",75.8379192030986,0,1,1,0
"Regular","suburb",69.6587113413623,0,1,1,0
"Regular","suburb",72.1950265659015,0,1,1,0
"Regular","suburb",76.0809940372016,0,1,1,0
"Regular","suburb",64.2563125002631,0,1,1,0
"Regular","suburb",76.3922898968251,0,1,1,0
"Regular","suburb",79.0205614560886,0,1,1,0
"Regular","suburb",80.9573331837084,0,1,1,0
"Regular","suburb",77.6917197019298,0,1,1,0
"Regular","suburb",72.8750573459099,0,1,1,0
"Regular","suburb",71.7630262701874,0,1,1,0
"Regular","suburb",69.3266780164892,0,1,1,0
"Regular","suburb",72.8616724371671,0,1,1,0
"Regular","suburb",72.7962074150743,0,1,1,0
"Regular","suburb",66.4564046541739,0,1,1,0
"Regular","suburb",71.1722771191989,0,1,1,0
"Regular","suburb",76.6861078114667,0,1,1,0
"Regular","suburb",83.252852553596,0,1,1,0
"Regular","suburb",77.0594443623755,0,1,1,0
"Regular","suburb",84.4523452931745,0,1,1,0
"Regular","suburb",70.1874640027775,0,1,1,0
"Regular","suburb",77.5738177653444,0,1,1,0
"Regular","suburb",65.41176878069,0,1,1,0
"Regular","suburb",75.6195259789131,0,1,1,0
"Regular","suburb",74.8989965461247,0,1,1,0
"Regular","suburb",79.5603041941564,0,1,1,0
"Regular","suburb",69.1235576348377,0,1,1,0
"Regular","suburb",86.8523098087716,0,1,1,0
"Regular","suburb",76.3346210365379,0,1,1,0
"Regular","suburb",84.2921710204791,0,1,1,0
"Regular","suburb",78.611584367893,0,1,1,0
"Regular","suburb",71.5234061704974,0,1,1,0
"Regular","suburb",77.5452378828853,0,1,1,0
"Regular","suburb",71.8284709525082,0,1,1,0
"Regular","suburb",69.7781611374454,0,1,1,0
"Regular","suburb",80.9949613942361,0,1,1,0
"Regular","suburb",89.0454421993311,0,1,1,0
"Regular","suburb",73.2304629791458,0,1,1,0
"Regular","suburb",73.9621083128074,0,1,1,0
"Regular","suburb",70.3189539411085,0,1,1,0
"Regular","suburb",70.0015559689978,0,1,1,0
"Regular","suburb",74.180495059344,0,1,1,0
"Regular","suburb",75.5812177892039,0,1,1,0
"Regular","suburb",76.5051617837613,0,1,1,0
"Regular","suburb",85.4040109550152,0,1,1,0
"Regular","suburb",74.500470395614,0,1,1,0
"Regular","suburb",76.259140564617,0,1,1,0
"Regular","suburb",66.7171604494711,0,1,1,0
"Regular","suburb",71.9546392334221,0,1,1,0
"Regular","suburb",83.3741496815056,0,1,1,0
"Regular","suburb",78.694483022703,0,1,1,0
"Regular","suburb",71.340093548501,0,1,1,0
"Regular","suburb",68.7511142800758,0,1,1,0
"Regular","suburb",83.8032047120603,0,1,1,0
"Regular","suburb",68.4657461790368,0,1,1,0
"Regular","suburb",77.7677772057892,0,1,1,0
"Regular","suburb",77.0012317059259,0,1,1,0
"Regular","suburb",76.4962357633615,0,1,1,0
"Regular","suburb",72.405475800344,0,1,1,0
"Regular","suburb",69.2181315531165,0,1,1,0
"Regular","suburb",75.7179733097749,0,1,1,0
"Regular","suburb",68.4066250637674,0,1,1,0
"Regular","suburb",72.5791493044638,0,1,1,0
"Regular","suburb",65.2747219083442,0,1,1,0
"Regular","suburb",76.0065966801013,0,1,1,0
"Regular","suburb",71.4664599871606,0,1,1,0
"Regular","suburb",72.0305169005133,0,1,1,0
"Regular","suburb",74.4633265443705,0,1,1,0
"Regular","suburb",79.6637864711635,0,1,1,0
"Regular","suburb",75.7931031790878,0,1,1,0
"Regular","suburb",69.7086972304214,0,1,1,0
"Regular","suburb",77.4783065411935,0,1,1,0
"Regular","suburb",69.5983092407601,0,1,1,0
"Regular","suburb",73.377088797023,0,1,1,0
"Regular","suburb",85.5303415923035,0,1,1,0
"Regular","suburb",75.5723899277134,0,1,1,0
"Regular","suburb",74.6808431861336,0,1,1,0
"Regular","suburb",72.6951211070401,0,1,1,0
"Regular","suburb",68.0958363208533,0,1,1,0
"Regular","suburb",76.3759544360806,0,1,1,0
"Regular","suburb",77.2782818169644,0,1,1,0
"Regular","suburb",67.5915983262618,0,1,1,0
"Regular","suburb",74.6177847763995,0,1,1,0
"Regular","suburb",67.7547822830683,0,1,1,0
"Regular","suburb",72.8719362495165,0,1,1,0
"Regular","suburb",68.9287108044591,0,1,1,0
"Regular","suburb",73.5854582502363,0,1,1,0
"Regular","suburb",81.6250980494386,0,1,1,0
"Regular","suburb",75.6273173473771,0,1,1,0
"Regular","suburb",79.5171465322342,0,1,1,0
"Regular","suburb",70.0054517911742,0,1,1,0
"Regular","suburb",66.7398329152306,0,1,1,0
"Regular","suburb",76.5686557694845,0,1,1,0
"Regular","suburb",78.2897400186271,0,1,1,0
"Regular","suburb",69.3121110455847,0,1,1,0
"Regular","suburb",68.7412665453933,0,1,1,0
"Regular","suburb",79.2542060296064,0,1,1,0
"Regular","suburb",72.8261219083561,0,1,1,0
"Regular","suburb",79.5278539673414,0,1,1,0
"Regular","suburb",63.8761782238755,0,1,1,0
"Regular","suburb",72.6154348843371,0,1,1,0
"Regular","suburb",80.7988281943751,0,1,1,0
"Regular","suburb",86.5106937983749,0,1,1,0
"Regular","suburb",65.8020042587984,0,1,1,0
"Regular","suburb",64.6979145362235,0,1,1,0
"Regular","suburb",76.8454256297896,0,1,1,0
"Regular","suburb",61.5352125696397,0,1,1,0
"Regular","suburb",72.3759323484068,0,1,1,0
"Regular","suburb",78.5868667467814,0,1,1,0
"Regular","suburb",73.64589236242,0,1,1,0
"Regular","suburb",72.2202820719632,0,1,1,0
"Regular","suburb",71.3679418479871,0,1,1,0
"Regular","suburb",68.2782441117214,0,1,1,0
"Regular","suburb",67.8760991735263,0,1,1,0
"Regular","suburb",82.3070969534944,0,1,1,0
"Regular","suburb",78.5708710091843,0,1,1,0
"Regular","suburb",74.3422120395869,0,1,1,0
"Regular","suburb",78.9166036145075,0,1,1,0
"Regular","suburb",66.2278789130559,0,1,1,0
"Regular","suburb",83.0311037509756,0,1,1,0
"Regular","suburb",75.2109349860529,0,1,1,0
"Regular","suburb",82.9633095350322,0,1,1,0
"Regular","suburb",79.0087692235589,0,1,1,0
"Regular","suburb",72.6349635582663,0,1,1,0
"Regular","suburb",67.8935173992784,0,1,1,0
"Regular","suburb",83.680669954778,0,1,1,0
"Regular","suburb",83.6128272718104,0,1,1,0
"Regular","suburb",74.052543978256,0,1,1,0
"Regular","suburb",74.162152052655,0,1,1,0
"Regular","suburb",74.4390622420653,0,1,1,0
"Regular","suburb",81.8526221448642,0,1,1,0
"Regular","suburb",79.7535105665142,0,1,1,0
"Regular","suburb",71.3922254384673,0,1,1,0
"Regular","suburb",79.9500159377642,0,1,1,0
"Regular","suburb",75.4766954470492,0,1,1,0
"Regular","suburb",80.7708874172012,0,1,1,0
"Regular","suburb",87.6996181616673,0,1,1,0
"Regular","suburb",68.8615556290657,0,1,1,0
"Regular","suburb",77.2289177115347,0,1,1,0
"Regular","suburb",75.9951450082017,0,1,1,0
"Regular","suburb",83.3980951430704,0,1,1,0
"Regular","suburb",70.6425196255786,0,1,1,0
"Regular","suburb",81.9600927899846,0,1,1,0
"Regular","suburb",75.2634809740982,0,1,1,0
"Regular","suburb",77.4989472608169,0,1,1,0
"Regular","suburb",76.8336030241242,0,1,1,0
"Regular","suburb",73.6922400376821,0,1,1,0
"Regular","suburb",75.3428900267539,0,1,1,0
"Regular","suburb",71.0725434052409,0,1,1,0
"Regular","suburb",73.3983192297214,0,1,1,0
"Regular","suburb",68.6035625585842,0,1,1,0
"Regular","suburb",72.3563203999071,0,1,1,0
"Regular","suburb",67.2597795249448,0,1,1,0
"Regular","suburb",72.8855563225517,0,1,1,0
"Regular","suburb",71.1665936063261,0,1,1,0
"Regular","suburb",69.9817603835956,0,1,1,0
"Regular","suburb",72.6647600223734,0,1,1,0
"Regular","suburb",75.9227617379272,0,1,1,0
"Regular","suburb",70.0475768840469,0,1,1,0
"Regular","suburb",81.0648991942207,0,1,1,0
"Regular","suburb",76.7152951908388,0,1,1,0
"Regular","suburb",72.6709787158283,0,1,1,0
"Regular","suburb",75.2416382627192,0,1,1,0
"Regular","suburb",77.5097781518456,0,1,1,0
"Regular","suburb",73.909224071822,0,1,1,0
"Regular","suburb",78.6340042807733,0,1,1,0
"Regular","suburb",72.7147678304921,0,1,1,0
"Regular","suburb",82.1758235710923,0,1,1,0
"Regular","suburb",78.5794326540439,0,1,1,0
"Regular","suburb",70.6154177958975,0,1,1,0
"Regular","suburb",79.8022178293862,0,1,1,0
"Regular","suburb",72.4124348568996,0,1,1,0
"Regular","suburb",72.0254912497379,0,1,1,0
"Regular","suburb",69.346257321568,0,1,1,0
"Regular","suburb",73.7988477753761,0,1,1,0
"Regular","suburb",70.6914128093138,0,1,1,0
"Regular","suburb",78.1020378039772,0,1,1,0
"Regular","suburb",74.270950994277,0,1,1,0
"Regular","suburb",80.7570950886472,0,1,1,0
"Regular","suburb",72.7720550986215,0,1,1,0
"Regular","suburb",84.3338419769826,0,1,1,0
"Regular","suburb",75.0874688851276,0,1,1,0
"Regular","suburb",69.0047378802673,0,1,1,0
"Regular","suburb",72.9670522038617,0,1,1,0
"Regular","suburb",81.6959944249269,0,1,1,0
"Regular","suburb",67.1541426961072,0,1,1,0
"Regular","suburb",82.7908299453456,0,1,1,0
"Regular","suburb",79.4099831096478,0,1,1,0
"Regular","suburb",72.1263339700328,0,1,1,0
"Regular","suburb",79.8612745526366,0,1,1,0
"Regular","suburb",79.368708090328,0,1,1,0
"Regular","suburb",74.4620467165928,0,1,1,0
"Regular","suburb",77.3611814578378,0,1,1,0
"Regular","suburb",78.6384825758674,0,1,1,0
"Regular","suburb",71.6117865419968,0,1,1,0
"Regular","suburb",84.2272276909764,0,1,1,0
"Regular","suburb",81.2211925599921,0,1,1,0
"Regular","suburb",74.7059099517717,0,1,1,0
"Regular","suburb",74.7601932903195,0,1,1,0
"Regular","suburb",74.8150366708993,0,1,1,0
"Regular","suburb",72.4846684921342,0,1,1,0
"Regular","suburb",78.509947252509,0,1,1,0
"Regular","suburb",71.4781765017299,0,1,1,0
"Regular","suburb",67.4033940233428,0,1,1,0
"Regular","suburb",78.6021402562907,0,1,1,0
"Regular","suburb",79.2345438325945,0,1,1,0
"Regular","suburb",79.8448293544586,0,1,1,0
"Regular","suburb",85.3433115258875,0,1,1,0
"Regular","suburb",75.6718746370779,0,1,1,0
"Regular","suburb",69.7432581126827,0,1,1,0
"Regular","suburb",72.1231624661678,0,1,1,0
"Regular","suburb",71.0244570569243,0,1,1,0
"Regular","suburb",85.5503082345761,0,1,1,0
"Regular","suburb",68.020171507015,0,1,1,0
"Regular","suburb",79.854937971719,0,1,1,0
"Regular","suburb",72.9058741491724,0,1,1,0
"Regular","suburb",71.0997648607713,0,1,1,0
"Regular","suburb",80.2442283996609,0,1,1,0
"Regular","suburb",82.2639836855705,0,1,1,0
"Regular","suburb",71.6053799287996,0,1,1,0
"Regular","suburb",78.0631930049066,0,1,1,0
"Regular","suburb",76.8685736439008,0,1,1,0
"Regular","suburb",81.6432438066113,0,1,1,0
"Regular","suburb",75.097573395159,0,1,1,0
"Regular","suburb",66.4033130895106,0,1,1,0
"Regular","suburb",76.9302362840396,0,1,1,0
"Regular","suburb",79.852965198847,0,1,1,0
"Regular","suburb",67.0025154824114,0,1,1,0
"Regular","suburb",70.1013052615343,0,1,1,0
"Regular","suburb",77.2702360927898,0,1,1,0
"Regular","suburb",73.4980249998857,0,1,1,0
"Regular","suburb",82.2496423032991,0,1,1,0
"Regular","suburb",76.0023235662618,0,1,1,0
"Regular","suburb",72.5638640232175,0,1,1,0
"Regular","suburb",69.7683538622836,0,1,1,0
"Regular","suburb",73.9992607421149,0,1,1,0
"Regular","suburb",84.3829376496366,0,1,1,0
"Regular","suburb",77.4724175503646,0,1,1,0
"Regular","suburb",67.2033726245793,0,1,1,0
"Regular","suburb",75.4721390510597,0,1,1,0
"Regular","suburb",71.0577651424125,0,1,1,0
"Regular","suburb",70.3316625193077,0,1,1,0
"Regular","suburb",74.5829712421502,0,1,1,0
"Regular","suburb",85.6897662314813,0,1,1,0
"Regular","suburb",77.6390995465447,0,1,1,0
"Regular","suburb",91.4821680105525,0,1,1,0
"Regular","suburb",64.9238631848489,0,1,1,0
"Regular","suburb",81.9818416552118,0,1,1,0
"Regular","suburb",69.9029098440799,0,1,1,0
"Regular","suburb",72.4055328665099,0,1,1,0
"Regular","suburb",85.3823219600483,0,1,1,0
"Regular","suburb",67.0460365196878,0,1,1,0
"Regular","suburb",79.0715954272499,0,1,1,0
"Regular","suburb",73.0255391710304,0,1,1,0
"Regular","suburb",86.2299250706472,0,1,1,0
"Regular","suburb",70.7027274080083,0,1,1,0
"Regular","suburb",74.5496896308387,0,1,1,0
"Regular","suburb",72.6540526727675,0,1,1,0
"Regular","suburb",76.8036320152142,0,1,1,0
"Regular","suburb",77.984230588316,0,1,1,0
"Regular","suburb",75.1899279655282,0,1,1,0
"Regular","suburb",71.1027619591161,0,1,1,0
"Regular","suburb",76.3967922644958,0,1,1,0
"Regular","suburb",66.6992444096834,0,1,1,0
"Regular","suburb",76.8113972764406,0,1,1,0
"Regular","suburb",77.2421291202252,0,1,1,0
"Regular","suburb",76.7510865070415,0,1,1,0
"Regular","suburb",74.1534900209304,0,1,1,0
"Regular","suburb",71.9697634983701,0,1,1,0
"Regular","suburb",81.3012205847788,0,1,1,0
"Regular","suburb",72.2573790893734,0,1,1,0
"Regular","suburb",82.3861136876037,0,1,1,0
"Regular","suburb",73.1187622438788,0,1,1,0
"Regular","suburb",75.2957464587045,0,1,1,0
"Regular","suburb",72.9895011631688,0,1,1,0
"Regular","suburb",79.1834988482001,0,1,1,0
"Regular","suburb",86.6690017731125,0,1,1,0
"Regular","suburb",74.602735622345,0,1,1,0
"Regular","suburb",77.0327657720111,0,1,1,0
"Regular","suburb",73.3798968540433,0,1,1,0
"Regular","suburb",78.0465671717998,0,1,1,0
"Regular","suburb",74.9593164534807,0,1,1,0
"Regular","suburb",80.4916287755244,0,1,1,0
"Regular","suburb",74.2541894201682,0,1,1,0
"Regular","suburb",74.7303205235492,0,1,1,0
"Regular","suburb",77.3546185087053,0,1,1,0
"Regular","suburb",73.0583172452535,0,1,1,0
"Regular","suburb",81.4943430020931,0,1,1,0
"Regular","suburb",80.0120014932931,0,1,1,0
"Regular","suburb",83.3292309208773,0,1,1,0
"Regular","suburb",76.9166469779936,0,1,1,0
"Regular","suburb",77.0399966934212,0,1,1,0
"Regular","suburb",76.2283520538111,0,1,1,0
"Regular","suburb",75.0418342063889,0,1,1,0
"Regular","suburb",74.6812637609095,0,1,1,0
"Regular","suburb",76.7311886326886,0,1,1,0
"Regular","suburb",73.9622084434114,0,1,1,0
"Regular","suburb",62.2585019108549,0,1,1,0
"Regular","suburb",82.4305593274346,0,1,1,0
"Regular","suburb",74.4999846369514,0,1,1,0
"Regular","suburb",75.2113084019433,0,1,1,0
"Regular","suburb",76.0315425302933,0,1,1,0
"Regular","suburb",74.5732510792255,0,1,1,0
"Regular","suburb",73.7366220868984,0,1,1,0
"Regular","suburb",64.1391614464808,0,1,1,0
"Regular","suburb",73.7649825123799,0,1,1,0
"Regular","suburb",69.9803223010356,0,1,1,0
"Regular","suburb",76.8466456937159,0,1,1,0
"Regular","suburb",73.5686468513212,0,1,1,0
"Regular","suburb",76.8233362965631,0,1,1,0
"Regular","suburb",80.0274971357988,0,1,1,0
"Regular","suburb",72.1551651495703,0,1,1,0
"Regular","suburb",74.7849256187937,0,1,1,0
"Regular","suburb",77.0437770479452,0,1,1,0
"Regular","suburb",73.8861355377473,0,1,1,0
"Regular","suburb",72.3081767801203,0,1,1,0
"Regular","suburb",62.4906542802846,0,1,1,0
"Regular","suburb",78.133364947336,0,1,1,0
"Regular","suburb",75.5898531357895,0,1,1,0
"Regular","suburb",75.3838795051496,0,1,1,0
"Regular","suburb",82.719410853527,0,1,1,0
"Regular","suburb",73.8536034252269,0,1,1,0
"Regular","suburb",77.2543382691781,0,1,1,0
"Regular","suburb",82.3748000661158,0,1,1,0
"Regular","suburb",75.0050095586697,0,1,1,0
"Regular","suburb",76.868119371706,0,1,1,0
"Regular","suburb",74.0101737211638,0,1,1,0
"Regular","suburb",83.0478141747668,0,1,1,0
"Regular","suburb",84.6000177288723,0,1,1,0
"Regular","suburb",73.9346776901483,0,1,1,0
"Regular","suburb",79.3929823802329,0,1,1,0
"Regular","suburb",75.3071388990922,0,1,1,0
"Regular","suburb",67.2659211340829,0,1,1,0
"Regular","suburb",76.1525937507464,0,1,1,0
"Regular","suburb",78.4632478092984,0,1,1,0
"Regular","suburb",76.2778919859081,0,1,1,0
"Regular","suburb",72.6494525438536,0,1,1,0
"Regular","suburb",68.6442438112509,0,1,1,0
"Regular","suburb",73.1056923780259,0,1,1,0
"Regular","suburb",74.6386102314561,0,1,1,0
"Regular","suburb",80.3124254281591,0,1,1,0
"Regular","suburb",72.6051056060985,0,1,1,0
"Regular","suburb",68.4264033271723,0,1,1,0
"Regular","suburb",65.9740623263177,0,1,1,0
"Regular","suburb",83.929841373239,0,1,1,0
"Regular","suburb",71.7356816717522,0,1,1,0
"Regular","suburb",72.844354826296,0,1,1,0
"Regular","suburb",86.2436306018157,0,1,1,0
"Regular","suburb",71.5707240410606,0,1,1,0
"Regular","suburb",74.1473273443705,0,1,1,0
"Regular","suburb",68.9780916375704,0,1,1,0
"Regular","suburb",75.2734620081611,0,1,1,0
"Regular","suburb",80.6471993308111,0,1,1,0
"Regular","suburb",73.3349609433998,0,1,1,0
"Regular","suburb",74.8341590112122,0,1,1,0
"Regular","suburb",74.5142704216438,0,1,1,0
"Regular","suburb",69.1122037560114,0,1,1,0
"Regular","suburb",83.9052780273895,0,1,1,0
"Regular","suburb",76.5095781008121,0,1,1,0
"Regular","suburb",74.5200739436993,0,1,1,0
"Regular","suburb",76.6241146621704,0,1,1,0
"Regular","suburb",73.2760041563541,0,1,1,0
"Regular","suburb",72.7966274892436,0,1,1,0
"Regular","suburb",71.034946879861,0,1,1,0
"Regular","suburb",70.9389838860625,0,1,1,0
"Regular","suburb",74.020324409481,0,1,1,0
"Regular","suburb",73.1976073726916,0,1,1,0
"Regular","suburb",66.2462982000509,0,1,1,0
"Regular","suburb",73.7858762149186,0,1,1,0
"Regular","suburb",73.8824167378425,0,1,1,0
"Regular","suburb",82.0752276813451,0,1,1,0
"Regular","suburb",79.8490760086645,0,1,1,0
"Regular","suburb",80.6324502872109,0,1,1,0
"Regular","suburb",72.630051253265,0,1,1,0
"Regular","suburb",62.8158569805231,0,1,1,0
"Regular","suburb",71.5102307653653,0,1,1,0
"Regular","suburb",72.3975654588029,0,1,1,0
"Regular","suburb",75.063198295082,0,1,1,0
"Regular","suburb",70.259189176303,0,1,1,0
"Regular","suburb",67.2283686639019,0,1,1,0
"Regular","suburb",74.1033320093547,0,1,1,0
"Regular","suburb",69.7986725489334,0,1,1,0
"Regular","suburb",72.0691219266487,0,1,1,0
"Regular","suburb",80.9973924409134,0,1,1,0
"Regular","suburb",74.3956620241622,0,1,1,0
"Regular","suburb",73.324828017914,0,1,1,0
"Regular","suburb",81.3448216295664,0,1,1,0
"Regular","suburb",72.2179217705534,0,1,1,0
"Regular","suburb",81.3745860640865,0,1,1,0
"Regular","suburb",69.4771695107191,0,1,1,0
"Regular","suburb",77.0901531623412,0,1,1,0
"Regular","suburb",66.691917543701,0,1,1,0
"Regular","suburb",70.1196952919126,0,1,1,0
"Regular","suburb",80.3072442244179,0,1,1,0
"Regular","suburb",76.7805850398549,0,1,1,0
"Regular","suburb",79.2704632886442,0,1,1,0
"Regular","suburb",71.179130316855,0,1,1,0
"Regular","suburb",79.9111107739096,0,1,1,0
"Regular","suburb",84.0619705500289,0,1,1,0
"Regular","suburb",80.7164262582677,0,1,1,0
"Regular","suburb",65.6862034934373,0,1,1,0
"Regular","suburb",76.2991930080321,0,1,1,0
"Regular","suburb",70.8351296412276,0,1,1,0
"Regular","suburb",80.6129892462592,0,1,1,0
"Regular","suburb",68.5288529005103,0,1,1,0
"Regular","suburb",80.1169875630799,0,1,1,0
"Regular","suburb",77.8969886019564,0,1,1,0
"Regular","suburb",68.3739400691692,0,1,1,0
"Regular","suburb",72.9364333088091,0,1,1,0
"Regular","suburb",75.0118326462456,0,1,1,0
"Regular","suburb",68.6582217707484,0,1,1,0
"Regular","suburb",82.9509575204745,0,1,1,0
"Regular","suburb",78.8722475281033,0,1,1,0
"Regular","suburb",71.0169446609404,0,1,1,0
"Regular","suburb",76.2477734815009,0,1,1,0
"Regular","suburb",82.5438806169948,0,1,1,0
"Regular","suburb",69.0510267285747,0,1,1,0
"Regular","suburb",80.7977990777112,0,1,1,0
"Regular","suburb",82.7803254592203,0,1,1,0
"Regular","suburb",70.2792202046839,0,1,1,0
"Regular","suburb",78.8018163875724,0,1,1,0
"Regular","suburb",78.7953400863139,0,1,1,0
"Regular","suburb",71.4911375965398,0,1,1,0
"Regular","suburb",77.0569040941374,0,1,1,0
"Regular","suburb",78.0838236704589,0,1,1,0
"Regular","suburb",77.1913272748763,0,1,1,0
"Regular","suburb",73.9566818729875,0,1,1,0
"Regular","suburb",79.6865212229614,0,1,1,0
"Regular","suburb",80.5085055554718,0,1,1,0
"Regular","suburb",72.2554098336032,0,1,1,0
"Regular","suburb",74.7298308245352,0,1,1,0
"Regular","suburb",80.1005418097291,0,1,1,0
"Regular","suburb",73.8951759465963,0,1,1,0
"Regular","suburb",70.4415495609793,0,1,1,0
"Regular","suburb",77.8292524023083,0,1,1,0
"Regular","suburb",70.9241572924131,0,1,1,0
"Regular","suburb",75.5265682129061,0,1,1,0
"Regular","suburb",66.5299792617047,0,1,1,0
"Regular","suburb",79.1725641411985,0,1,1,0
"Regular","suburb",69.5106419118451,0,1,1,0
"Regular","suburb",69.6260279695198,0,1,1,0
"Regular","suburb",70.4126600221768,0,1,1,0
"Regular","suburb",69.9084669601238,0,1,1,0
"Regular","suburb",71.1178550062137,0,1,1,0
"Regular","suburb",76.3284983381112,0,1,1,0
"Regular","suburb",73.9283370094198,0,1,1,0
"Regular","suburb",81.0961982358387,0,1,1,0
"Regular","suburb",75.900530179546,0,1,1,0
"Regular","suburb",76.1890200588566,0,1,1,0
"Regular","suburb",72.511042537873,0,1,1,0
"Regular","suburb",68.4336856526423,0,1,1,0
"Regular","suburb",74.0216149690242,0,1,1,0
"Regular","suburb",71.0594629870667,0,1,1,0
"Regular","suburb",79.7486541357291,0,1,1,0
"Regular","suburb",71.9224892983251,0,1,1,0
"Regular","suburb",79.4118132834176,0,1,1,0
"Regular","suburb",77.584957022493,0,1,1,0
"Regular","suburb",83.3532464755534,0,1,1,0
"Regular","suburb",84.4387727823816,0,1,1,0
"Regular","suburb",78.3843941655771,0,1,1,0
"Regular","suburb",78.4959832326016,0,1,1,0
"Regular","suburb",65.8184255405067,0,1,1,0
"Regular","suburb",70.4200444981277,0,1,1,0
"Regular","suburb",75.0719479490744,0,1,1,0
"Regular","suburb",77.1675316991109,0,1,1,0
"Regular","suburb",67.9546832461518,0,1,1,0
"Regular","suburb",70.8940894693595,0,1,1,0
"Regular","suburb",78.6728924647464,0,1,1,0
"Regular","suburb",76.5100865593778,0,1,1,0
"Regular","suburb",78.5948065661717,0,1,1,0
"Regular","suburb",74.9528305893849,0,1,1,0
"Regular","suburb",70.3414066459546,0,1,1,0
"Regular","suburb",76.3697232725122,0,1,1,0
"Regular","suburb",75.5151682296342,0,1,1,0
"Regular","suburb",71.3957332846338,0,1,1,0
"Regular","suburb",74.1594240899022,0,1,1,0
"Regular","suburb",64.7400172972018,0,1,1,0
"Regular","suburb",68.0606583279838,0,1,1,0
"Regular","suburb",79.2949337788585,0,1,1,0
"Regular","suburb",75.284325329607,0,1,1,0
"Regular","suburb",70.2006600840639,0,1,1,0
"Regular","suburb",72.6583966317891,0,1,1,0
"Regular","suburb",76.0228537847203,0,1,1,0
"Regular","suburb",71.8065108562755,0,1,1,0
"Regular","suburb",84.8519364188595,0,1,1,0
"Regular","suburb",66.8039267352166,0,1,1,0
"Regular","suburb",76.8053070284343,0,1,1,0
"Regular","suburb",79.2811125955143,0,1,1,0
"Regular","suburb",76.7639480293775,0,1,1,0
"Regular","suburb",65.3601615756337,0,1,1,0
"Regular","suburb",77.7166454269757,0,1,1,0
"Regular","suburb",73.7365332119737,0,1,1,0
"Regular","suburb",75.3889753505536,0,1,1,0
"Regular","suburb",73.1842457749704,0,1,1,0
"Regular","suburb",67.4373599905435,0,1,1,0
"Regular","suburb",81.9200652064714,0,1,1,0
"Regular","suburb",68.7889098732939,0,1,1,0
"Regular","suburb",84.1586011062045,0,1,1,0
"Regular","suburb",76.5763478218356,0,1,1,0
"Regular","suburb",79.3968595954956,0,1,1,0
"Regular","suburb",72.2099408983852,0,1,1,0
"Regular","suburb",77.2971190610234,0,1,1,0
"Regular","suburb",72.4561001922785,0,1,1,0
"Regular","suburb",75.1666979664301,0,1,1,0
"Regular","suburb",74.2099749071458,0,1,1,0
"Regular","suburb",73.2836561583462,0,1,1,0
"Regular","suburb",79.1953388727099,0,1,1,0
"Regular","suburb",79.1775074601061,0,1,1,0
"Regular","suburb",77.8264562815666,0,1,1,0
"Regular","suburb",69.783696441047,0,1,1,0
"Regular","suburb",76.90276813586,0,1,1,0
"Regular","suburb",67.9399456633989,0,1,1,0
"Regular","suburb",79.5806304437339,0,1,1,0
"Regular","suburb",80.6727865606018,0,1,1,0
"Regular","suburb",67.4797889179368,0,1,1,0
"Regular","suburb",78.3803292119516,0,1,1,0
"Regular","suburb",74.9223004903923,0,1,1,0
"Regular","suburb",70.5221923123213,0,1,1,0
"Regular","suburb",78.6507531419288,0,1,1,0
"Regular","suburb",71.2977267235727,0,1,1,0
"Regular","suburb",84.2365035607385,0,1,1,0
"Regular","suburb",67.674030152565,0,1,1,0
"Regular","suburb",68.7662981733487,0,1,1,0
"Regular","suburb",84.4059620158101,0,1,1,0
"Regular","suburb",67.0594972274206,0,1,1,0
"Regular","suburb",71.950292586695,0,1,1,0
"Regular","suburb",78.792684885897,0,1,1,0
"Regular","suburb",76.2045089879667,0,1,1,0
"Regular","suburb",75.3556297275243,0,1,1,0
"Regular","suburb",66.0356908211112,0,1,1,0
"Regular","suburb",71.524827403456,0,1,1,0
"Regular","suburb",76.815913323891,0,1,1,0
"Regular","suburb",67.3851664808345,0,1,1,0
"Regular","suburb",73.9233928223833,0,1,1,0
"Regular","suburb",77.2608301431097,0,1,1,0
"Regular","suburb",72.3362781846397,0,1,1,0
"Regular","suburb",74.6431327492679,0,1,1,0
"Regular","suburb",76.3782725674119,0,1,1,0
"Regular","suburb",75.1159682666815,0,1,1,0
"Regular","suburb",76.1414807206471,0,1,1,0
"Regular","suburb",72.6413764001891,0,1,1,0
"Regular","suburb",69.7926885532073,0,1,1,0
"Regular","suburb",74.742714505089,0,1,1,0
"Regular","suburb",75.0220753411664,0,1,1,0
"Regular","suburb",79.2725043058501,0,1,1,0
"Regular","suburb",75.7554126686478,0,1,1,0
"Regular","suburb",73.0331610288146,0,1,1,0
"Regular","suburb",79.2319235903108,0,1,1,0
"Regular","suburb",70.2948673217096,0,1,1,0
"Regular","suburb",75.5307941700218,0,1,1,0
"Regular","suburb",71.7460613128544,0,1,1,0
"Regular","suburb",74.8168462862994,0,1,1,0
"Regular","suburb",75.1030426957939,0,1,1,0
"Regular","suburb",74.5564715808431,0,1,1,0
"Regular","suburb",77.4800169995699,0,1,1,0
"Regular","suburb",81.5320875592197,0,1,1,0
"Regular","suburb",79.3188659893884,0,1,1,0
"Regular","suburb",71.1343217633764,0,1,1,0
"Regular","suburb",74.0753890594916,0,1,1,0
"Regular","suburb",75.3322324852018,0,1,1,0
"Regular","suburb",73.8554205968693,0,1,1,0
"Regular","suburb",73.1174003290951,0,1,1,0
"Regular","suburb",80.5261739345082,0,1,1,0
"Regular","suburb",77.8435550582332,0,1,1,0
"Regular","suburb",73.3865286316831,0,1,1,0
"Regular","suburb",81.0247910777206,0,1,1,0
"Regular","suburb",71.6662893200005,0,1,1,0
"Regular","suburb",74.7115839080874,0,1,1,0
"Regular","suburb",71.5403855370912,0,1,1,0
"Regular","suburb",73.2589586487872,0,1,1,0
"Regular","suburb",77.4366780801534,0,1,1,0
"Regular","suburb",80.6201009951475,0,1,1,0
"Regular","suburb",75.1329609494939,0,1,1,0
"Regular","suburb",69.6838370450312,0,1,1,0
"Regular","suburb",67.5975039901455,0,1,1,0
"Regular","suburb",77.2690712066198,0,1,1,0
"Regular","suburb",77.8026731506255,0,1,1,0
"Regular","suburb",81.2128834706604,0,1,1,0
"Regular","suburb",76.6215406861474,0,1,1,0
"Regular","suburb",71.9557875947326,0,1,1,0
"Regular","suburb",69.2201485399219,0,1,1,0
"Regular","suburb",71.3683002025179,0,1,1,0
"Regular","suburb",76.7020557048654,0,1,1,0
"Regular","suburb",78.4528956301176,0,1,1,0
"Regular","suburb",82.4924551272487,0,1,1,0
"Regular","suburb",71.9110900244301,0,1,1,0
"Regular","suburb",69.7410211371052,0,1,1,0
"Regular","suburb",73.3723716251043,0,1,1,0
"Regular","suburb",76.7717203392529,0,1,1,0
"Regular","suburb",71.952204286019,0,1,1,0
"Regular","suburb",81.5879567501083,0,1,1,0
"Regular","suburb",74.5522401580308,0,1,1,0
"Regular","suburb",77.3952917426517,0,1,1,0
"Regular","suburb",85.4408777165742,0,1,1,0
"Regular","suburb",83.9165634545064,0,1,1,0
"TFA","urban",72.2941991974711,1,0,0,1
"TFA","urban",52.7991795653995,1,0,0,1
"TFA","urban",71.0471965747292,1,0,0,1
"TFA","urban",72.4397608863575,1,0,0,1
"TFA","urban",78.7784515334546,1,0,0,1
"TFA","urban",64.1744606748438,1,0,0,1
"TFA","urban",75.1304899081133,1,0,0,1
"TFA","urban",59.0961803477405,1,0,0,1
"TFA","urban",67.0853793798402,1,0,0,1
"TFA","urban",71.2376883917706,1,0,0,1
"TFA","urban",75.899549838401,1,0,0,1
"TFA","urban",63.9209524286875,1,0,0,1
"TFA","urban",57.0427333777622,1,0,0,1
"TFA","urban",74.3541680671203,1,0,0,1
"TFA","urban",70.1433551839205,1,0,0,1
"TFA","urban",72.752220676536,1,0,0,1
"TFA","urban",67.3466757976801,1,0,0,1
"TFA","urban",75.9696551540728,1,0,0,1
"TFA","urban",54.6911160384459,1,0,0,1
"TFA","urban",63.5292634740711,1,0,0,1
"TFA","urban",68.8558124116514,1,0,0,1
"TFA","urban",76.7966932563186,1,0,0,1
"TFA","urban",63.7495836886752,1,0,0,1
"TFA","urban",66.7857905975908,1,0,0,1
"TFA","urban",74.6862401685398,1,0,0,1
"TFA","urban",62.1082492043713,1,0,0,1
"TFA","urban",68.9529407513157,1,0,0,1
"TFA","urban",69.030553957212,1,0,0,1
"TFA","urban",64.0381188483216,1,0,0,1
"TFA","urban",74.34403359141,1,0,0,1
"TFA","urban",61.8579080138025,1,0,0,1
"TFA","urban",73.9579724624303,1,0,0,1
"TFA","urban",64.8006696334399,1,0,0,1
"TFA","urban",66.8362132095502,1,0,0,1
"TFA","urban",64.2606418426385,1,0,0,1
"TFA","urban",62.7452314139225,1,0,0,1
"TFA","urban",64.2835499931891,1,0,0,1
"TFA","urban",71.3970023256802,1,0,0,1
"TFA","urban",73.6403790787021,1,0,0,1
"TFA","urban",63.4354881107386,1,0,0,1
"TFA","urban",73.9628534167402,1,0,0,1
"TFA","urban",67.2006039020163,1,0,0,1
"TFA","urban",62.0850268740182,1,0,0,1
"TFA","urban",60.6459349868681,1,0,0,1
"TFA","urban",69.3029730842784,1,0,0,1
"TFA","urban",63.2672339108994,1,0,0,1
"TFA","urban",69.8316229684358,1,0,0,1
"TFA","urban",56.4062268270038,1,0,0,1
"TFA","urban",67.7281541221708,1,0,0,1
"TFA","urban",64.9894673514118,1,0,0,1
"TFA","urban",54.4169246770603,1,0,0,1
"TFA","urban",58.9931207579875,1,0,0,1
"TFA","urban",61.8724288002496,1,0,0,1
"TFA","urban",54.9024864311518,1,0,0,1
"TFA","urban",66.9346014353023,1,0,0,1
"TFA","urban",61.2315662812982,1,0,0,1
"TFA","urban",58.4876319265205,1,0,0,1
"TFA","urban",67.3388253875085,1,0,0,1
"TFA","urban",69.6073118916777,1,0,0,1
"TFA","urban",68.1613346111436,1,0,0,1
"TFA","urban",68.8783666529759,1,0,0,1
"TFA","urban",55.8253230474649,1,0,0,1
"TFA","urban",65.8364725845369,1,0,0,1
"TFA","urban",59.3028343782225,1,0,0,1
"TFA","urban",60.8025472594314,1,0,0,1
"TFA","urban",70.0491609878557,1,0,0,1
"TFA","urban",61.2072738716336,1,0,0,1
"TFA","urban",65.8890500039951,1,0,0,1
"TFA","urban",61.830104303727,1,0,0,1
"TFA","urban",60.8084962068412,1,0,0,1
"TFA","urban",66.2552105215579,1,0,0,1
"TFA","urban",61.1637261162297,1,0,0,1
"TFA","urban",64.0625363911961,1,0,0,1
"TFA","urban",65.7255957281745,1,0,0,1
"TFA","urban",68.6220895134501,1,0,0,1
"TFA","urban",66.9578084306746,1,0,0,1
"TFA","urban",59.7702876499839,1,0,0,1
"TFA","urban",62.4138610930157,1,0,0,1
"TFA","urban",56.8002285966848,1,0,0,1
"TFA","urban",69.2671994888738,1,0,0,1
"TFA","urban",64.2588213022648,1,0,0,1
"TFA","urban",65.4733115879029,1,0,0,1
"TFA","urban",65.0581325102232,1,0,0,1
"TFA","urban",63.6529424843446,1,0,0,1
"TFA","urban",65.2531133969988,1,0,0,1
"TFA","urban",71.6727236052973,1,0,0,1
"TFA","urban",69.7779398328647,1,0,0,1
"TFA","urban",67.6298433120746,1,0,0,1
"TFA","urban",68.0687862177918,1,0,0,1
"TFA","urban",67.4164586590144,1,0,0,1
"TFA","urban",56.7539065223764,1,0,0,1
"TFA","urban",66.5036026671483,1,0,0,1
"TFA","urban",78.5288717434336,1,0,0,1
"TFA","urban",67.2139731994496,1,0,0,1
"TFA","urban",68.9904150545665,1,0,0,1
"TFA","urban",76.58774245456,1,0,0,1
"TFA","urban",65.9399446074538,1,0,0,1
"TFA","urban",63.3419757442218,1,0,0,1
"TFA","urban",65.2660900696486,1,0,0,1
"TFA","urban",62.3168168918608,1,0,0,1
"TFA","urban",74.0067576543735,1,0,0,1
"TFA","urban",69.6591829286224,1,0,0,1
"TFA","urban",66.600261347032,1,0,0,1
"TFA","urban",61.5543287110938,1,0,0,1
"TFA","urban",65.0676396252451,1,0,0,1
"TFA","urban",64.9473616144301,1,0,0,1
"TFA","urban",74.4264479283795,1,0,0,1
"TFA","urban",68.268168671176,1,0,0,1
"TFA","urban",60.5682154029575,1,0,0,1
"TFA","urban",63.9187623085549,1,0,0,1
"TFA","urban",65.4556404382909,1,0,0,1
"TFA","urban",63.7301725227165,1,0,0,1
"TFA","urban",71.2073834966712,1,0,0,1
"TFA","urban",70.7025983619779,1,0,0,1
"TFA","urban",74.5168624127852,1,0,0,1
"TFA","urban",65.9261251963011,1,0,0,1
"TFA","urban",63.262859665114,1,0,0,1
"TFA","urban",58.8447365299901,1,0,0,1
"TFA","urban",73.6217930572881,1,0,0,1
"TFA","urban",70.3629676445909,1,0,0,1
"TFA","urban",75.7897232566966,1,0,0,1
"TFA","urban",62.3480171737523,1,0,0,1
"TFA","urban",61.5462632201225,1,0,0,1
"TFA","urban",67.9639528745851,1,0,0,1
"TFA","urban",63.0482648124693,1,0,0,1
"TFA","urban",71.3193303923173,1,0,0,1
"TFA","urban",67.139168792664,1,0,0,1
"TFA","urban",62.0549063573644,1,0,0,1
"TFA","urban",65.0296533489594,1,0,0,1
"TFA","urban",64.6673386505682,1,0,0,1
"TFA","urban",72.784119318663,1,0,0,1
"TFA","urban",63.0400022530326,1,0,0,1
"TFA","urban",62.3175914537686,1,0,0,1
"TFA","urban",68.6565555363095,1,0,0,1
"TFA","urban",75.6032092476852,1,0,0,1
"TFA","urban",64.3672646017104,1,0,0,1
"TFA","urban",64.7793543683009,1,0,0,1
"TFA","urban",59.2406136798872,1,0,0,1
"TFA","urban",65.3030744126196,1,0,0,1
"TFA","urban",60.845965568039,1,0,0,1
"TFA","urban",67.9607768354855,1,0,0,1
"TFA","urban",67.3630769499297,1,0,0,1
"TFA","urban",57.8283201314342,1,0,0,1
"TFA","urban",66.1880677839477,1,0,0,1
"TFA","urban",59.1238025113933,1,0,0,1
"TFA","urban",64.7042616879619,1,0,0,1
"TFA","urban",56.6396582307584,1,0,0,1
"TFA","urban",57.5517983168944,1,0,0,1
"TFA","urban",61.7057441873814,1,0,0,1
"TFA","urban",65.2714479602901,1,0,0,1
"TFA","urban",68.5250992602578,1,0,0,1
"TFA","urban",63.4114008281936,1,0,0,1
"TFA","urban",68.2071202451519,1,0,0,1
"TFA","urban",71.9791197038053,1,0,0,1
"TFA","urban",69.5655387659225,1,0,0,1
"TFA","urban",57.3958588913434,1,0,0,1
"TFA","urban",74.5280400688535,1,0,0,1
"TFA","urban",67.5279789667883,1,0,0,1
"TFA","urban",62.8960027933527,1,0,0,1
"TFA","urban",63.2881719115913,1,0,0,1
"TFA","urban",70.1828441334038,1,0,0,1
"TFA","urban",63.8168062593653,1,0,0,1
"TFA","urban",68.8196207993172,1,0,0,1
"TFA","urban",70.7024014662708,1,0,0,1
"TFA","urban",64.8808679672851,1,0,0,1
"TFA","urban",67.793103635235,1,0,0,1
"TFA","urban",74.4119673129476,1,0,0,1
"TFA","urban",62.8890425136433,1,0,0,1
"TFA","urban",69.0652140704947,1,0,0,1
"TFA","urban",63.535213091344,1,0,0,1
"TFA","urban",67.5012967161318,1,0,0,1
"TFA","urban",74.3208532665881,1,0,0,1
"TFA","urban",65.641687891096,1,0,0,1
"TFA","urban",72.269685057937,1,0,0,1
"TFA","urban",68.552530151719,1,0,0,1
"TFA","urban",69.4868436449596,1,0,0,1
"TFA","urban",78.0157444351847,1,0,0,1
"TFA","urban",58.221302165157,1,0,0,1
"TFA","urban",67.5725590020283,1,0,0,1
"TFA","urban",79.3883414815542,1,0,0,1
"TFA","urban",68.9552071833213,1,0,0,1
"TFA","urban",62.3359485912793,1,0,0,1
"TFA","urban",67.0132750308146,1,0,0,1
"TFA","urban",66.0554209339539,1,0,0,1
"TFA","urban",62.1955262602087,1,0,0,1
"TFA","urban",58.2966333413196,1,0,0,1
"TFA","urban",65.7692471210312,1,0,0,1
"TFA","urban",69.1142187969736,1,0,0,1
"TFA","urban",56.5646587917642,1,0,0,1
"TFA","urban",64.3660774195367,1,0,0,1
"TFA","urban",75.338628801566,1,0,0,1
"TFA","urban",68.5178671569159,1,0,0,1
"TFA","urban",59.0857795388598,1,0,0,1
"TFA","urban",71.7219662863195,1,0,0,1
"TFA","urban",69.342850724308,1,0,0,1
"TFA","urban",65.2959462126996,1,0,0,1
"TFA","urban",61.8587471892679,1,0,0,1
"TFA","urban",66.2051140107117,1,0,0,1
"TFA","urban",63.4016337213483,1,0,0,1
"TFA","urban",63.8902663197203,1,0,0,1
"TFA","urban",71.2017579927605,1,0,0,1
"TFA","urban",64.5303466654722,1,0,0,1
"TFA","urban",69.8146071005089,1,0,0,1
"TFA","urban",66.1810661314041,1,0,0,1
"TFA","urban",67.7233719676539,1,0,0,1
"TFA","urban",62.2947019072717,1,0,0,1
"TFA","urban",61.70346479927,1,0,0,1
"TFA","urban",71.6749898963307,1,0,0,1
"TFA","urban",64.1428566173411,1,0,0,1
"TFA","urban",59.6017099157928,1,0,0,1
"TFA","urban",62.2543156720623,1,0,0,1
"TFA","urban",71.196037349074,1,0,0,1
"TFA","urban",64.8056256578299,1,0,0,1
"TFA","urban",66.7409776695339,1,0,0,1
"TFA","urban",64.0851131730971,1,0,0,1
"TFA","urban",64.3289261769739,1,0,0,1
"TFA","urban",71.4078590055078,1,0,0,1
"TFA","urban",58.3824069634739,1,0,0,1
"TFA","urban",67.441143997597,1,0,0,1
"TFA","urban",76.8625271233787,1,0,0,1
"TFA","urban",64.8688582763164,1,0,0,1
"TFA","urban",71.8519900435645,1,0,0,1
"TFA","urban",59.4900467987315,1,0,0,1
"TFA","urban",66.326780346863,1,0,0,1
"TFA","urban",62.764327353195,1,0,0,1
"TFA","urban",67.4639339034368,1,0,0,1
"TFA","urban",69.0033063596784,1,0,0,1
"TFA","urban",67.4386158462565,1,0,0,1
"TFA","urban",63.083385342831,1,0,0,1
"TFA","urban",71.8447778523344,1,0,0,1
"TFA","urban",67.1473891698799,1,0,0,1
"TFA","urban",67.8200719556187,1,0,0,1
"TFA","urban",67.7279377757844,1,0,0,1
"TFA","urban",58.7694499070074,1,0,0,1
"TFA","urban",58.2077168122461,1,0,0,1
"TFA","urban",75.1846577068522,1,0,0,1
"TFA","urban",67.3513570548119,1,0,0,1
"TFA","urban",72.3540649105908,1,0,0,1
"TFA","urban",63.8055577836463,1,0,0,1
"TFA","urban",68.6317081710974,1,0,0,1
"TFA","urban",66.8430407842906,1,0,0,1
"TFA","urban",61.7443753742135,1,0,0,1
"TFA","urban",63.230298852601,1,0,0,1
"TFA","urban",64.578838471659,1,0,0,1
"TFA","urban",56.3932295579128,1,0,0,1
"TFA","urban",72.1265828912892,1,0,0,1
"TFA","urban",66.9929735522336,1,0,0,1
"TFA","urban",64.832988406308,1,0,0,1
"TFA","urban",70.5656604479507,1,0,0,1
"TFA","urban",68.0808957539722,1,0,0,1
"TFA","urban",69.3149628238543,1,0,0,1
"TFA","urban",65.3056652293835,1,0,0,1
"TFA","urban",62.2032707191913,1,0,0,1
"TFA","urban",62.1852887620158,1,0,0,1
"TFA","urban",60.716651683729,1,0,0,1
"TFA","urban",61.8012785862493,1,0,0,1
"TFA","urban",60.296109610665,1,0,0,1
"TFA","urban",59.5275164422881,1,0,0,1
"TFA","urban",70.0916479147233,1,0,0,1
"TFA","urban",71.3974332984376,1,0,0,1
"TFA","urban",65.3316846626241,1,0,0,1
"TFA","urban",63.3973819960796,1,0,0,1
"TFA","urban",54.7418056115066,1,0,0,1
"TFA","urban",78.5273597247239,1,0,0,1
"TFA","urban",61.9731699537612,1,0,0,1
"TFA","urban",72.7013631493707,1,0,0,1
"TFA","urban",59.961110392754,1,0,0,1
"TFA","urban",61.137798103244,1,0,0,1
"TFA","urban",63.2234433162541,1,0,0,1
"TFA","urban",67.4586200269517,1,0,0,1
"TFA","urban",60.3865145599858,1,0,0,1
"TFA","urban",61.2188433566307,1,0,0,1
"TFA","urban",59.8508759635878,1,0,0,1
"TFA","urban",60.9966306027995,1,0,0,1
"TFA","urban",72.2310863325259,1,0,0,1
"TFA","urban",71.3845810073783,1,0,0,1
"TFA","urban",57.7051913377937,1,0,0,1
"TFA","urban",64.9373825097369,1,0,0,1
"TFA","urban",76.4029446285816,1,0,0,1
"TFA","urban",66.4739714173919,1,0,0,1
"TFA","urban",63.4659799725236,1,0,0,1
"TFA","urban",65.4587375113072,1,0,0,1
"TFA","urban",62.421927941267,1,0,0,1
"TFA","urban",62.6079147065585,1,0,0,1
"TFA","urban",65.8586082669595,1,0,0,1
"TFA","urban",61.0061835756238,1,0,0,1
"TFA","urban",68.556572163069,1,0,0,1
"TFA","urban",64.3867137076532,1,0,0,1
"TFA","urban",68.9489878638217,1,0,0,1
"TFA","urban",57.4555173898788,1,0,0,1
"TFA","urban",59.6402288923627,1,0,0,1
"TFA","urban",72.7446884892526,1,0,0,1
"TFA","urban",69.9321063468094,1,0,0,1
"TFA","urban",64.0965427692878,1,0,0,1
"TFA","urban",69.8135492761762,1,0,0,1
"TFA","urban",64.7763188360312,1,0,0,1
"TFA","urban",61.9103207212504,1,0,0,1
"TFA","urban",64.9128945920713,1,0,0,1
"TFA","urban",59.3913382363874,1,0,0,1
"TFA","urban",72.6766610744613,1,0,0,1
"TFA","urban",67.7607422626187,1,0,0,1
"TFA","urban",62.8171137023469,1,0,0,1
"TFA","urban",65.4025746264778,1,0,0,1
"TFA","urban",55.3073750456198,1,0,0,1
"TFA","urban",67.7350390032084,1,0,0,1
"TFA","urban",64.7203408342789,1,0,0,1
"TFA","urban",61.442000040716,1,0,0,1
"TFA","urban",68.1341341269601,1,0,0,1
"TFA","urban",62.3858223670566,1,0,0,1
"TFA","urban",59.0694883795337,1,0,0,1
"TFA","urban",68.8164257701084,1,0,0,1
"TFA","urban",65.2924620100256,1,0,0,1
"TFA","urban",57.6630865946767,1,0,0,1
"TFA","urban",65.0110193487031,1,0,0,1
"TFA","urban",78.4659766349162,1,0,0,1
"TFA","urban",65.0175224335694,1,0,0,1
"TFA","urban",70.8460360891024,1,0,0,1
"TFA","urban",70.0092042663967,1,0,0,1
"TFA","urban",57.2458226710981,1,0,0,1
"TFA","urban",64.8995882119822,1,0,0,1
"TFA","urban",68.5404745907331,1,0,0,1
"TFA","urban",70.827017015436,1,0,0,1
"TFA","urban",69.3953514485188,1,0,0,1
"TFA","urban",51.9814923414357,1,0,0,1
"TFA","urban",66.3635974080967,1,0,0,1
"TFA","urban",68.8710611369995,1,0,0,1
"TFA","urban",58.2648637360962,1,0,0,1
"TFA","urban",71.560217379186,1,0,0,1
"TFA","urban",64.1739372111729,1,0,0,1
"TFA","urban",71.1185470639725,1,0,0,1
"TFA","urban",66.8533341262145,1,0,0,1
"TFA","urban",74.0229397470203,1,0,0,1
"TFA","urban",54.6633983248536,1,0,0,1
"TFA","urban",69.5199852390829,1,0,0,1
"TFA","urban",70.7177689473174,1,0,0,1
"TFA","urban",60.1852999696162,1,0,0,1
"TFA","urban",63.0603429538851,1,0,0,1
"TFA","urban",67.0081311737889,1,0,0,1
"TFA","urban",62.5244801935721,1,0,0,1
"TFA","urban",66.8359585444141,1,0,0,1
"TFA","urban",67.7230535652493,1,0,0,1
"TFA","urban",70.1127814981544,1,0,0,1
"TFA","urban",60.9143285463499,1,0,0,1
"TFA","urban",66.4795694081203,1,0,0,1
"TFA","urban",62.7528382157811,1,0,0,1
"TFA","urban",67.8432467695988,1,0,0,1
"TFA","urban",63.0899167906467,1,0,0,1
"TFA","urban",59.9137339629314,1,0,0,1
"TFA","urban",66.2101612943545,1,0,0,1
"TFA","urban",70.9824509433801,1,0,0,1
"TFA","urban",71.4307344639249,1,0,0,1
"TFA","urban",66.3105152336177,1,0,0,1
"TFA","urban",69.4744189263036,1,0,0,1
"TFA","urban",74.0955627886905,1,0,0,1
"TFA","urban",67.8443604620633,1,0,0,1
"TFA","urban",77.7375956411096,1,0,0,1
"TFA","urban",64.1791277327058,1,0,0,1
"TFA","urban",56.7997332569119,1,0,0,1
"TFA","urban",74.1889023292912,1,0,0,1
"TFA","urban",61.2648807475522,1,0,0,1
"TFA","urban",61.3924139550507,1,0,0,1
"TFA","urban",67.5411707340086,1,0,0,1
"TFA","urban",57.9719952432736,1,0,0,1
"TFA","urban",60.2258106525122,1,0,0,1
"TFA","urban",66.6394262186583,1,0,0,1
"TFA","urban",65.6359915133784,1,0,0,1
"TFA","urban",60.8246516423792,1,0,0,1
"TFA","urban",64.173636828042,1,0,0,1
"TFA","urban",65.6069461382766,1,0,0,1
"TFA","urban",49.9649969772425,1,0,0,1
"TFA","urban",63.6444291509959,1,0,0,1
"TFA","urban",64.8326110622608,1,0,0,1
"TFA","urban",63.7764246327489,1,0,0,1
"TFA","urban",68.7784198809936,1,0,0,1
"TFA","urban",53.5356391554875,1,0,0,1
"TFA","urban",64.1914999583018,1,0,0,1
"TFA","urban",70.1026743939492,1,0,0,1
"TFA","urban",64.1961571885374,1,0,0,1
"TFA","urban",67.9179940729238,1,0,0,1
"TFA","urban",61.4940624648458,1,0,0,1
"TFA","urban",72.0412323380478,1,0,0,1
"TFA","urban",63.4553502149349,1,0,0,1
"TFA","urban",70.6619610953973,1,0,0,1
"TFA","urban",68.5414628446729,1,0,0,1
"TFA","urban",68.789625840343,1,0,0,1
"TFA","urban",62.0275981787138,1,0,0,1
"TFA","urban",58.1200165511579,1,0,0,1
"TFA","urban",66.3092193797974,1,0,0,1
"TFA","urban",64.5845976808569,1,0,0,1
"TFA","urban",70.5285313524049,1,0,0,1
"TFA","urban",58.0696408473163,1,0,0,1
"TFA","urban",61.7163123789301,1,0,0,1
"TFA","urban",70.4819078118408,1,0,0,1
"TFA","urban",66.5233437856732,1,0,0,1
"TFA","urban",63.2367694198526,1,0,0,1
"TFA","urban",72.6975844304284,1,0,0,1
"TFA","urban",70.1376506349055,1,0,0,1
"TFA","urban",68.0329263187991,1,0,0,1
"TFA","urban",65.1309349563338,1,0,0,1
"TFA","urban",65.6575829810546,1,0,0,1
"TFA","urban",67.7104101608732,1,0,0,1
"TFA","urban",68.9108620662782,1,0,0,1
"TFA","urban",72.0568021501098,1,0,0,1
"TFA","urban",64.8078877107123,1,0,0,1
"TFA","urban",67.7647075347975,1,0,0,1
"TFA","urban",71.2979735825487,1,0,0,1
"TFA","urban",58.1605274064639,1,0,0,1
"TFA","urban",72.6397763404388,1,0,0,1
"TFA","urban",65.1412197653459,1,0,0,1
"TFA","urban",70.1555438420213,1,0,0,1
"TFA","urban",71.7506952290245,1,0,0,1
"TFA","urban",60.6892289709471,1,0,0,1
"TFA","urban",59.9370163223782,1,0,0,1
"TFA","urban",65.5627765653302,1,0,0,1
"TFA","urban",64.2400739890608,1,0,0,1
"TFA","urban",63.9140182669103,1,0,0,1
"TFA","urban",59.4396683356463,1,0,0,1
"TFA","urban",62.873498795881,1,0,0,1
"TFA","urban",57.6151763418345,1,0,0,1
"TFA","urban",56.3484885430284,1,0,0,1
"TFA","urban",76.2443769492606,1,0,0,1
"TFA","urban",58.8191191763708,1,0,0,1
"TFA","urban",68.6999206714213,1,0,0,1
"TFA","urban",63.8843458032038,1,0,0,1
"TFA","urban",62.8578258119546,1,0,0,1
"TFA","urban",71.4603110788826,1,0,0,1
"TFA","urban",60.191741031522,1,0,0,1
"TFA","urban",64.6327004572329,1,0,0,1
"TFA","urban",58.695001987544,1,0,0,1
"TFA","urban",66.7133392774982,1,0,0,1
"TFA","urban",75.3706756355242,1,0,0,1
"TFA","urban",64.9063859615682,1,0,0,1
"TFA","urban",63.4981748257501,1,0,0,1
"TFA","urban",64.3432218580844,1,0,0,1
"TFA","urban",74.933564285297,1,0,0,1
"TFA","urban",61.4550409688562,1,0,0,1
"TFA","urban",60.6738310013284,1,0,0,1
"TFA","urban",71.1791265590056,1,0,0,1
"TFA","urban",68.2938646750728,1,0,0,1
"TFA","urban",64.3586128145876,1,0,0,1
"TFA","urban",72.5059903173846,1,0,0,1
"TFA","urban",69.2211722681797,1,0,0,1
"TFA","urban",65.1243656081849,1,0,0,1
"TFA","urban",66.6216088838755,1,0,0,1
"TFA","urban",62.3472402424453,1,0,0,1
"TFA","urban",73.5300516851471,1,0,0,1
"TFA","urban",64.025388570693,1,0,0,1
"TFA","urban",62.4030977839188,1,0,0,1
"TFA","urban",69.9317061008435,1,0,0,1
"TFA","urban",59.9764824061827,1,0,0,1
"TFA","urban",65.3712579072803,1,0,0,1
"TFA","urban",65.9867139852363,1,0,0,1
"TFA","urban",62.9473305259887,1,0,0,1
"TFA","urban",69.2439240855913,1,0,0,1
"TFA","urban",62.8829334058956,1,0,0,1
"TFA","urban",58.2672025506077,1,0,0,1
"TFA","urban",67.5188958457902,1,0,0,1
"TFA","urban",67.1168373931164,1,0,0,1
"TFA","urban",61.5531517995508,1,0,0,1
"TFA","urban",64.6480936871386,1,0,0,1
"TFA","urban",60.5706340858766,1,0,0,1
"TFA","urban",61.1809081222044,1,0,0,1
"TFA","urban",63.6215227236337,1,0,0,1
"TFA","urban",68.5571883579954,1,0,0,1
"TFA","urban",72.128874487515,1,0,0,1
"TFA","urban",61.854819441311,1,0,0,1
"TFA","urban",71.6381862706073,1,0,0,1
"TFA","urban",62.5036531064075,1,0,0,1
"TFA","urban",63.656200124594,1,0,0,1
"TFA","urban",65.3099632237496,1,0,0,1
"TFA","urban",67.1568411273131,1,0,0,1
"TFA","urban",67.7321397503049,1,0,0,1
"TFA","urban",70.1423504328298,1,0,0,1
"TFA","urban",76.0016330477698,1,0,0,1
"TFA","urban",75.7613670438352,1,0,0,1
"TFA","urban",63.5404463944188,1,0,0,1
"TFA","urban",60.9145872068604,1,0,0,1
"TFA","urban",67.6253050160302,1,0,0,1
"TFA","urban",77.0550602751666,1,0,0,1
"TFA","urban",66.8881074462377,1,0,0,1
"TFA","urban",67.2719920304819,1,0,0,1
"TFA","urban",63.5368018618154,1,0,0,1
"TFA","urban",60.1443450263594,1,0,0,1
"TFA","urban",59.0646552826084,1,0,0,1
"TFA","urban",61.5517476911961,1,0,0,1
"TFA","urban",65.6063161362642,1,0,0,1
"TFA","urban",72.2766565272159,1,0,0,1
"TFA","urban",64.2352288087433,1,0,0,1
"TFA","urban",60.3293754233461,1,0,0,1
"TFA","urban",60.5554568834836,1,0,0,1
"TFA","urban",67.6796847889156,1,0,0,1
"TFA","urban",69.2842236843077,1,0,0,1
"TFA","urban",68.6004082838714,1,0,0,1
"TFA","urban",68.6817904843518,1,0,0,1
"TFA","urban",70.7112992262026,1,0,0,1
"TFA","urban",72.7354974155134,1,0,0,1
"TFA","urban",66.3359606945771,1,0,0,1
"TFA","urban",68.9127487797266,1,0,0,1
"TFA","urban",64.6249043054989,1,0,0,1
"TFA","urban",66.3749053379394,1,0,0,1
"TFA","urban",61.6034671141141,1,0,0,1
"TFA","urban",66.2819396095549,1,0,0,1
"TFA","urban",56.3365279199993,1,0,0,1
"TFA","urban",64.5675882784004,1,0,0,1
"TFA","urban",64.3724658026769,1,0,0,1
"TFA","urban",69.0977683040567,1,0,0,1
"TFA","urban",61.3522452958408,1,0,0,1
"TFA","urban",69.6870879678579,1,0,0,1
"TFA","urban",63.4007383419378,1,0,0,1
"TFA","urban",74.5139739883655,1,0,0,1
"TFA","urban",67.4610903603913,1,0,0,1
"TFA","urban",67.9781653494508,1,0,0,1
"TFA","urban",68.3920107355496,1,0,0,1
"TFA","urban",74.4152678507537,1,0,0,1
"TFA","urban",58.5581457165798,1,0,0,1
"TFA","urban",56.8905617639995,1,0,0,1
"TFA","urban",62.3067285205249,1,0,0,1
"TFA","urban",60.683177201746,1,0,0,1
"TFA","urban",62.6516293523702,1,0,0,1
"TFA","urban",65.0313620497775,1,0,0,1
"TFA","urban",62.8589096358446,1,0,0,1
"TFA","urban",68.1944644718474,1,0,0,1
"TFA","urban",66.7466234955261,1,0,0,1
"TFA","urban",62.8370231824083,1,0,0,1
"TFA","urban",72.7944033183288,1,0,0,1
"TFA","urban",62.884723390833,1,0,0,1
"TFA","urban",71.5193227569059,1,0,0,1
"TFA","urban",57.5710971303503,1,0,0,1
"TFA","urban",64.2609747426715,1,0,0,1
"TFA","urban",69.098584623403,1,0,0,1
"TFA","urban",69.3304099526753,1,0,0,1
"TFA","urban",69.1863639457177,1,0,0,1
"TFA","urban",63.0362787366171,1,0,0,1
"TFA","urban",63.1080749738691,1,0,0,1
"TFA","urban",72.8984310271833,1,0,0,1
"TFA","urban",62.7924400066538,1,0,0,1
"TFA","urban",62.3896041755824,1,0,0,1
"TFA","urban",58.0889170939105,1,0,0,1
"TFA","urban",70.5095660738201,1,0,0,1
"TFA","urban",69.3085632512927,1,0,0,1
"TFA","urban",59.0545456829965,1,0,0,1
"TFA","urban",73.2494745644311,1,0,0,1
"TFA","urban",68.2120936917375,1,0,0,1
"TFA","urban",68.7145089312492,1,0,0,1
"TFA","urban",67.215520722774,1,0,0,1
"TFA","urban",58.6245896780092,1,0,0,1
"TFA","urban",56.3291898174237,1,0,0,1
"TFA","urban",63.1108768936903,1,0,0,1
"TFA","urban",65.8685251424645,1,0,0,1
"TFA","urban",64.7498191612258,1,0,0,1
"TFA","urban",64.5351866180993,1,0,0,1
"TFA","urban",72.9790043878573,1,0,0,1
"TFA","urban",60.5318801016716,1,0,0,1
"TFA","urban",64.6569627207334,1,0,0,1
"TFA","urban",75.3634273085695,1,0,0,1
"TFA","urban",65.9221681712447,1,0,0,1
"TFA","urban",60.7756588757457,1,0,0,1
"TFA","urban",60.0670711791851,1,0,0,1
"TFA","urban",67.7493144692895,1,0,0,1
"TFA","urban",59.3427765110839,1,0,0,1
"TFA","urban",62.2553422590549,1,0,0,1
"TFA","urban",63.0794334214168,1,0,0,1
"TFA","urban",69.3920220600258,1,0,0,1
"TFA","urban",70.7813706047246,1,0,0,1
"TFA","urban",69.256230249563,1,0,0,1
"TFA","urban",70.764895159102,1,0,0,1
"TFA","urban",66.4002591207212,1,0,0,1
"TFA","urban",71.1737095265802,1,0,0,1
"TFA","urban",65.5450006543742,1,0,0,1
"TFA","urban",71.1096936068649,1,0,0,1
"TFA","urban",57.0424485465768,1,0,0,1
"TFA","urban",66.2284890121222,1,0,0,1
"TFA","urban",72.3888433481233,1,0,0,1
"TFA","urban",53.3089596966011,1,0,0,1
"TFA","urban",65.1188673233984,1,0,0,1
"TFA","urban",71.5864928104109,1,0,0,1
"TFA","urban",68.5444335860605,1,0,0,1
"TFA","urban",61.6125552165941,1,0,0,1
"TFA","urban",68.1408138980916,1,0,0,1
"TFA","urban",65.3859829568291,1,0,0,1
"TFA","urban",58.6540850380318,1,0,0,1
"TFA","urban",58.599117128225,1,0,0,1
"TFA","urban",62.033602878292,1,0,0,1
"TFA","urban",67.0207138632317,1,0,0,1
"TFA","urban",63.489963779467,1,0,0,1
"TFA","urban",58.8904767258804,1,0,0,1
"TFA","urban",63.8322823375359,1,0,0,1
"TFA","urban",70.3918905407098,1,0,0,1
"TFA","urban",69.5244986737062,1,0,0,1
"TFA","urban",62.4466176529758,1,0,0,1
"TFA","urban",61.0643785831345,1,0,0,1
"TFA","urban",76.0095697887968,1,0,0,1
"TFA","urban",69.0602363334031,1,0,0,1
"TFA","urban",66.4704336579919,1,0,0,1
"TFA","urban",67.3774793658014,1,0,0,1
"TFA","urban",61.8042769519751,1,0,0,1
"TFA","urban",69.5116522190377,1,0,0,1
"TFA","urban",60.7259144320202,1,0,0,1
"TFA","urban",55.671121108202,1,0,0,1
"TFA","urban",74.5339466198137,1,0,0,1
"Regular","urban",61.2953575426061,0,1,0,1
"Regular","urban",55.204612816431,0,1,0,1
"Regular","urban",57.167020351467,0,1,0,1
"Regular","urban",62.0597288533435,0,1,0,1
"Regular","urban",55.5641650711647,0,1,0,1
"Regular","urban",56.0124806910098,0,1,0,1
"Regular","urban",54.1183897875752,0,1,0,1
"Regular","urban",59.3920337826051,0,1,0,1
"Regular","urban",53.8165722078602,0,1,0,1
"Regular","urban",52.9554085696283,0,1,0,1
"Regular","urban",50.3033513048582,0,1,0,1
"Regular","urban",64.1143047882986,0,1,0,1
"Regular","urban",54.6719173738503,0,1,0,1
"Regular","urban",55.4266854152436,0,1,0,1
"Regular","urban",66.1758457929734,0,1,0,1
"Regular","urban",59.7705311683563,0,1,0,1
"Regular","urban",56.5955762166692,0,1,0,1
"Regular","urban",60.6058868782304,0,1,0,1
"Regular","urban",61.0922782148036,0,1,0,1
"Regular","urban",55.3302443557007,0,1,0,1
"Regular","urban",63.5191464886325,0,1,0,1
"Regular","urban",47.0364206113552,0,1,0,1
"Regular","urban",49.1631949526145,0,1,0,1
"Regular","urban",57.4950679248858,0,1,0,1
"Regular","urban",56.1663035125981,0,1,0,1
"Regular","urban",57.6130880901078,0,1,0,1
"Regular","urban",57.7181248715389,0,1,0,1
"Regular","urban",50.5410401369247,0,1,0,1
"Regular","urban",54.8125824763941,0,1,0,1
"Regular","urban",44.2600185244822,0,1,0,1
"Regular","urban",53.8426705677829,0,1,0,1
"Regular","urban",55.3995266849622,0,1,0,1
"Regular","urban",63.2586440841245,0,1,0,1
"Regular","urban",56.5031944587424,0,1,0,1
"Regular","urban",57.1025112061136,0,1,0,1
"Regular","urban",61.4804386871955,0,1,0,1
"Regular","urban",55.8753000931145,0,1,0,1
"Regular","urban",55.5743247401748,0,1,0,1
"Regular","urban",56.9476978759065,0,1,0,1
"Regular","urban",60.5923310794528,0,1,0,1
"Regular","urban",52.7261143167932,0,1,0,1
"Regular","urban",47.598610337036,0,1,0,1
"Regular","urban",61.9158163877007,0,1,0,1
"Regular","urban",58.2359379979259,0,1,0,1
"Regular","urban",60.3177669172555,0,1,0,1
"Regular","urban",51.4591490625696,0,1,0,1
"Regular","urban",59.6225028604496,0,1,0,1
"Regular","urban",62.176927133538,0,1,0,1
"Regular","urban",53.3214028414324,0,1,0,1
"Regular","urban",46.3564156436383,0,1,0,1
"Regular","urban",56.0913230031655,0,1,0,1
"Regular","urban",48.8484122290614,0,1,0,1
"Regular","urban",53.4731661605813,0,1,0,1
"Regular","urban",60.7033751119329,0,1,0,1
"Regular","urban",60.8477085300199,0,1,0,1
"Regular","urban",50.8814704243324,0,1,0,1
"Regular","urban",54.8685825255607,0,1,0,1
"Regular","urban",52.7973270744854,0,1,0,1
"Regular","urban",60.1728530136054,0,1,0,1
"Regular","urban",51.470162485937,0,1,0,1
"Regular","urban",57.3290517484219,0,1,0,1
"Regular","urban",63.9301832362646,0,1,0,1
"Regular","urban",63.0321018861612,0,1,0,1
"Regular","urban",52.7789252018559,0,1,0,1
"Regular","urban",53.9020064016334,0,1,0,1
"Regular","urban",54.9778893991426,0,1,0,1
"Regular","urban",51.6664548726329,0,1,0,1
"Regular","urban",58.1646333097574,0,1,0,1
"Regular","urban",53.1516202786746,0,1,0,1
"Regular","urban",55.1071946196754,0,1,0,1
"Regular","urban",54.677673137624,0,1,0,1
"Regular","urban",69.042249800163,0,1,0,1
"Regular","urban",62.5709953896166,0,1,0,1
"Regular","urban",66.2586146463574,0,1,0,1
"Regular","urban",56.9763826430209,0,1,0,1
"Regular","urban",56.970139720841,0,1,0,1
"Regular","urban",48.9845716774787,0,1,0,1
"Regular","urban",51.5435846219856,0,1,0,1
"Regular","urban",60.469224052695,0,1,0,1
"Regular","urban",55.7295134573983,0,1,0,1
"Regular","urban",71.5482568947107,0,1,0,1
"Regular","urban",55.2065844737923,0,1,0,1
"Regular","urban",57.9152022675196,0,1,0,1
"Regular","urban",56.6852839816454,0,1,0,1
"Regular","urban",56.3555209619306,0,1,0,1
"Regular","urban",62.4682187803071,0,1,0,1
"Regular","urban",51.7828175878759,0,1,0,1
"Regular","urban",60.4024217054432,0,1,0,1
"Regular","urban",60.5562195264643,0,1,0,1
"Regular","urban",62.8612328267285,0,1,0,1
"Regular","urban",65.5748430931544,0,1,0,1
"Regular","urban",64.3935621058182,0,1,0,1
"Regular","urban",57.788685345067,0,1,0,1
"Regular","urban",60.4638589764446,0,1,0,1
"Regular","urban",54.3023316640849,0,1,0,1
"Regular","urban",53.3093007242692,0,1,0,1
"Regular","urban",65.6680672171951,0,1,0,1
"Regular","urban",59.1077331049578,0,1,0,1
"Regular","urban",57.1230281738106,0,1,0,1
"Regular","urban",50.3960765773635,0,1,0,1
"Regular","urban",57.6972857276534,0,1,0,1
"Regular","urban",49.8616148635856,0,1,0,1
"Regular","urban",57.4673163274746,0,1,0,1
"Regular","urban",47.8043421580899,0,1,0,1
"Regular","urban",60.7610652697602,0,1,0,1
"Regular","urban",57.8756778540215,0,1,0,1
"Regular","urban",60.5694027663829,0,1,0,1
"Regular","urban",58.1020575581357,0,1,0,1
"Regular","urban",53.3406565477382,0,1,0,1
"Regular","urban",53.1709305615223,0,1,0,1
"Regular","urban",48.476030871034,0,1,0,1
"Regular","urban",61.3762103614123,0,1,0,1
"Regular","urban",56.9466722615812,0,1,0,1
"Regular","urban",69.2244336427323,0,1,0,1
"Regular","urban",60.8491687395046,0,1,0,1
"Regular","urban",60.9790700901427,0,1,0,1
"Regular","urban",46.2003117583881,0,1,0,1
"Regular","urban",60.5500574206771,0,1,0,1
"Regular","urban",65.0333483224433,0,1,0,1
"Regular","urban",62.5541145492512,0,1,0,1
"Regular","urban",48.7614881685796,0,1,0,1
"Regular","urban",59.702961196608,0,1,0,1
"Regular","urban",59.942643308152,0,1,0,1
"Regular","urban",55.7095803810096,0,1,0,1
"Regular","urban",59.3576685405465,0,1,0,1
"Regular","urban",53.7659385487105,0,1,0,1
"Regular","urban",55.8135600801633,0,1,0,1
"Regular","urban",56.2094613417927,0,1,0,1
"Regular","urban",57.7379256302521,0,1,0,1
"Regular","urban",60.1586857031845,0,1,0,1
"Regular","urban",55.691962447476,0,1,0,1
"Regular","urban",56.3107191722597,0,1,0,1
"Regular","urban",62.3205885425454,0,1,0,1
"Regular","urban",53.304276769293,0,1,0,1
"Regular","urban",55.4592157397116,0,1,0,1
"Regular","urban",45.4441322588462,0,1,0,1
"Regular","urban",58.7616970467337,0,1,0,1
"Regular","urban",50.5374175414168,0,1,0,1
"Regular","urban",58.1787872252671,0,1,0,1
"Regular","urban",63.0568408603473,0,1,0,1
"Regular","urban",62.7809212676234,0,1,0,1
"Regular","urban",51.8179905567876,0,1,0,1
"Regular","urban",50.7337441915762,0,1,0,1
"Regular","urban",55.3929960043669,0,1,0,1
"Regular","urban",59.4203656411122,0,1,0,1
"Regular","urban",57.1194877745974,0,1,0,1
"Regular","urban",53.7471553682091,0,1,0,1
"Regular","urban",49.4609103986635,0,1,0,1
"Regular","urban",61.2662305761237,0,1,0,1
"Regular","urban",53.0720788562455,0,1,0,1
"Regular","urban",52.0861996323972,0,1,0,1
"Regular","urban",58.6235381375046,0,1,0,1
"Regular","urban",50.0667437606632,0,1,0,1
"Regular","urban",57.5235649194964,0,1,0,1
"Regular","urban",65.4497060247517,0,1,0,1
"Regular","urban",63.7340877212495,0,1,0,1
"Regular","urban",56.6416321127419,0,1,0,1
"Regular","urban",55.3128589978184,0,1,0,1
"Regular","urban",57.27388648955,0,1,0,1
"Regular","urban",59.0763293707617,0,1,0,1
"Regular","urban",62.72359102202,0,1,0,1
"Regular","urban",58.4688197841785,0,1,0,1
"Regular","urban",49.4858074650785,0,1,0,1
"Regular","urban",61.1816250766707,0,1,0,1
"Regular","urban",61.6260607227542,0,1,0,1
"Regular","urban",54.7698806437349,0,1,0,1
"Regular","urban",45.8252341743148,0,1,0,1
"Regular","urban",52.3233850053156,0,1,0,1
"Regular","urban",49.1365221578067,0,1,0,1
"Regular","urban",53.9135045555356,0,1,0,1
"Regular","urban",69.9664526358868,0,1,0,1
"Regular","urban",54.5832945892684,0,1,0,1
"Regular","urban",57.0860720539718,0,1,0,1
"Regular","urban",53.7025129829825,0,1,0,1
"Regular","urban",60.9716793347827,0,1,0,1
"Regular","urban",60.1846107593932,0,1,0,1
"Regular","urban",54.5002477239011,0,1,0,1
"Regular","urban",59.7696294270831,0,1,0,1
"Regular","urban",53.4436145680961,0,1,0,1
"Regular","urban",65.3334019186566,0,1,0,1
"Regular","urban",67.2532990293491,0,1,0,1
"Regular","urban",52.625796712918,0,1,0,1
"Regular","urban",56.6650510507743,0,1,0,1
"Regular","urban",61.3705946202761,0,1,0,1
"Regular","urban",61.6664691263112,0,1,0,1
"Regular","urban",56.5938556693195,0,1,0,1
"Regular","urban",68.8228774010497,0,1,0,1
"Regular","urban",58.7992417122183,0,1,0,1
"Regular","urban",56.2829000654867,0,1,0,1
"Regular","urban",52.3213481864244,0,1,0,1
"Regular","urban",47.7306237867818,0,1,0,1
"Regular","urban",53.5383900950818,0,1,0,1
"Regular","urban",61.2265756150113,0,1,0,1
"Regular","urban",61.7100984460774,0,1,0,1
"Regular","urban",53.8084307664643,0,1,0,1
"Regular","urban",58.0737584273228,0,1,0,1
"Regular","urban",54.1844887405217,0,1,0,1
"Regular","urban",55.871835569172,0,1,0,1
"Regular","urban",53.5388541014937,0,1,0,1
"Regular","urban",62.5503165093569,0,1,0,1
"Regular","urban",55.7720404498113,0,1,0,1
"Regular","urban",53.8854884457236,0,1,0,1
"Regular","urban",60.4771577597766,0,1,0,1
"Regular","urban",60.4741120767458,0,1,0,1
"Regular","urban",55.6784395849968,0,1,0,1
"Regular","urban",62.3239488829167,0,1,0,1
"Regular","urban",59.437376873564,0,1,0,1
"Regular","urban",66.9009595190941,0,1,0,1
"Regular","urban",55.0466412322245,0,1,0,1
"Regular","urban",59.7897998990404,0,1,0,1
"Regular","urban",63.6182162765628,0,1,0,1
"Regular","urban",60.7891260684344,0,1,0,1
"Regular","urban",54.6711417154478,0,1,0,1
"Regular","urban",58.092503868178,0,1,0,1
"Regular","urban",50.550401516488,0,1,0,1
"Regular","urban",58.9501523334425,0,1,0,1
"Regular","urban",63.8141970973368,0,1,0,1
"Regular","urban",58.5532109346909,0,1,0,1
"Regular","urban",52.8444402895237,0,1,0,1
"Regular","urban",55.9231063994722,0,1,0,1
"Regular","urban",60.2714756030874,0,1,0,1
"Regular","urban",55.9734898205616,0,1,0,1
"Regular","urban",56.7605464652069,0,1,0,1
"Regular","urban",54.2126497979606,0,1,0,1
"Regular","urban",52.9952561988695,0,1,0,1
"Regular","urban",58.1661224998738,0,1,0,1
"Regular","urban",63.8431294347572,0,1,0,1
"Regular","urban",54.6872310737287,0,1,0,1
"Regular","urban",59.254427132695,0,1,0,1
"Regular","urban",63.4432668172894,0,1,0,1
"Regular","urban",60.6882615547174,0,1,0,1
"Regular","urban",48.7451112895568,0,1,0,1
"Regular","urban",56.7888190283662,0,1,0,1
"Regular","urban",59.8061251989046,0,1,0,1
"Regular","urban",54.9871559263714,0,1,0,1
"Regular","urban",61.0905148458486,0,1,0,1
"Regular","urban",58.6053748553347,0,1,0,1
"Regular","urban",58.7933533033669,0,1,0,1
"Regular","urban",56.5656948766484,0,1,0,1
"Regular","urban",61.5691793396851,0,1,0,1
"Regular","urban",52.3661629368378,0,1,0,1
"Regular","urban",48.5752597981052,0,1,0,1
"Regular","urban",63.9247803086914,0,1,0,1
"Regular","urban",58.5476207857167,0,1,0,1
"Regular","urban",43.3392605399404,0,1,0,1
"Regular","urban",55.5559001513111,0,1,0,1
"Regular","urban",55.5729537465871,0,1,0,1
"Regular","urban",54.0773219353923,0,1,0,1
"Regular","urban",60.1527224099278,0,1,0,1
"Regular","urban",65.7197316994596,0,1,0,1
"Regular","urban",57.0273434328883,0,1,0,1
"Regular","urban",54.8330049349859,0,1,0,1
"Regular","urban",62.1466248464362,0,1,0,1
"Regular","urban",68.6685657706923,0,1,0,1
"Regular","urban",63.5998437317149,0,1,0,1
"Regular","urban",49.430307005574,0,1,0,1
"Regular","urban",64.6646444331956,0,1,0,1
"Regular","urban",58.0632220689204,0,1,0,1
"Regular","urban",59.3564305530258,0,1,0,1
"Regular","urban",56.4692666096684,0,1,0,1
"Regular","urban",70.9315890500483,0,1,0,1
"Regular","urban",56.8622484982616,0,1,0,1
"Regular","urban",47.9166238082167,0,1,0,1
"Regular","urban",52.6938729592628,0,1,0,1
"Regular","urban",49.8402049131797,0,1,0,1
"Regular","urban",51.3972417071196,0,1,0,1
"Regular","urban",55.6482457963409,0,1,0,1
"Regular","urban",53.2891805586358,0,1,0,1
"Regular","urban",57.269975309571,0,1,0,1
"Regular","urban",56.6834954635763,0,1,0,1
"Regular","urban",58.5104488983351,0,1,0,1
"Regular","urban",53.3192012783753,0,1,0,1
"Regular","urban",56.6521133041789,0,1,0,1
"Regular","urban",62.2036466503172,0,1,0,1
"Regular","urban",58.9200697927404,0,1,0,1
"Regular","urban",55.272117816505,0,1,0,1
"Regular","urban",53.4887165355618,0,1,0,1
"Regular","urban",55.3091187786414,0,1,0,1
"Regular","urban",54.3635657598567,0,1,0,1
"Regular","urban",57.800771154038,0,1,0,1
"Regular","urban",64.9620842106961,0,1,0,1
"Regular","urban",52.4653118363441,0,1,0,1
"Regular","urban",58.8721565783375,0,1,0,1
"Regular","urban",54.6878540002835,0,1,0,1
"Regular","urban",55.5436343395192,0,1,0,1
"Regular","urban",62.2755205719496,0,1,0,1
"Regular","urban",47.3133631066354,0,1,0,1
"Regular","urban",60.1875036902388,0,1,0,1
"Regular","urban",58.7631699776486,0,1,0,1
"Regular","urban",59.058430059775,0,1,0,1
"Regular","urban",54.4134224818794,0,1,0,1
"Regular","urban",66.6839063184888,0,1,0,1
"Regular","urban",60.180676189204,0,1,0,1
"Regular","urban",55.7133307996282,0,1,0,1
"Regular","urban",59.188534640144,0,1,0,1
"Regular","urban",60.7588559680037,0,1,0,1
"Regular","urban",58.5989197058392,0,1,0,1
"Regular","urban",63.9023908785233,0,1,0,1
"Regular","urban",66.3478328753466,0,1,0,1
"Regular","urban",72.148415917171,0,1,0,1
